key	MAR03989	MAR08582	MAR08587	MAR08589	MAR04087	MAR04089	MAR04091	MAR04046	MAR04406	MAR04518	MAR04519	MAR04520	MAR04646	MAR04648	MAR04649	MAR04650	MAR04808	MAR08755	MAR04034	MAR04194	MAR03831	MAR03890	MAR03892	MAR09802	MAR03903	MAR04690	MAR06780	MAR03816	MAR04776	MAR04777	MAR08416	MAR08426	MAR08607	MAR03883	MAR04284	MAR04788	MAR04789	MAR04791	MAR07703	MAR03747	MAR03744	MAR03777	MAR03778	MAR06923	MAR03765	MAR03940	MAR06768	MAR08539	MAR04302	MAR04323	MAR04174	MAR04300	MAR07706	MAR08779	MAR00622	MAR00648	MAR00649	MAR04260	MAR01649	MAR11305	MAR04574F	MAR06602F	MAR06603F	MAR03827F	MAR03829F	MAR04693F	MAR03807F	MAR03845F	MAR04582F	MAR04792F	MAR07702F	MAR06725F	MAR03912F	MAR08684F	MAR04330F	MAR04408F	MAR04410F	MAR04652F	MAR08743F	MAR01616F	MAR02027F	MAR03263F	MAR04783F	MAR04807F	MAR12742F	MAR12751F	MAR13004F	MAR04574B	MAR06602B	MAR06603B	MAR03827B	MAR03829B	MAR04693B	MAR03807B	MAR03845B	MAR04582B	MAR04792B	MAR07702B	MAR06725B	MAR03912B	MAR08684B	MAR04330B	MAR04408B	MAR04410B	MAR04652B	MAR08743B	MAR01616B	MAR02027B	MAR03263B	MAR04783B	MAR04807B	MAR12742B	MAR12751B	MAR13004B
041.NoAvocado	7053.5588103168475	-1781.9896733394658	7053.5588103168475	7053.5588103168475	-15.912761047728988	-15.912761047728988	-15.912761047728988	-618.6200066088068	-618.6200066088068	91.64890332024714	50.42359652153405	50.42359652153405	-77.9383906296365	-77.9383906296365	-77.9383906296365	-77.9383906296365	-618.6200066088068	50.42359652153405	-618.6200066088068	-618.6200066088068	-416.79637939880473	618.6200066088068	-618.6200066088068	-618.6200066088068	-1050.803620481936	145.38195654896242	-57.744201896586375	-42.6171311566946	13316.93467620482	13316.93467620482	29.841332798070006	-42.6171311566946	-618.6200066088068	-21.620141866677255	845.7514663226428	-1807.185410205138	1804.012444992336	-1807.185410205138	2704.3430705084907	-30.589748675065564	-30.589748675065564	-7.754759273281536	-7.754759273281536	31.41536085263614	31.41536085263614	9.099822091704546	-57.744201896586375	9.099822091704546	-23.650616065588316	2.0304741989110617	-432.6667454582747	-618.6200066088068	2704.3430705084907	-2704.3430705084907	-55.07432015091098	54.02703404256348	-54.02703404256348	-618.6200066088068	13316.93467620482	-2352.5512840117863	35.65556049518694	-8.065951364105707	-8.065951364105707	-484.191017920893	-484.191017920893	-145.38195654896242	7.220859830035899	918.9481314716637	-990.3252245994198	-918.9481314716637	-2704.3430705084907	-48.64437980488183	-72.48505490055021	-72.48505490055021	51.52427246261829	-2.6474386393973717	-2.6474386393973717	13296.87814375108	13296.87814375108	-48.64437980488183	-23.650616065588316	-8.065951364105707	0.0	0.0	0.0	0.0	0.0	-35.65556049518694	8.065951364105707	8.065951364105707	484.191017920893	484.191017920893	145.38195654896242	-7.220859830035899	-918.9481314716637	990.3252245994198	918.9481314716637	2704.3430705084907	48.64437980488183	72.48505490055021	72.48505490055021	-51.52427246261829	2.6474386393973717	2.6474386393973717	-13296.87814375108	-13296.87814375108	48.64437980488183	23.650616065588316	8.065951364105707	0.0	0.0	0.0	0.0	0.0
046.Avocado	14325.485487459122	-1774.6111750194257	14325.485487459122	14325.485487459122	12.763452476838545	12.763452476838545	12.763452476838545	-340.16573575290226	-340.16573575290226	114.93590784171897	-85.38856732422477	-85.38856732422477	-142.63290134458714	-142.63290134458714	-142.63290134458714	-142.63290134458714	-340.16573575290226	-85.38856732422477	-340.16573575290226	-340.16573575290226	292.1917105492916	340.16573575290226	-340.16573575290226	-340.16573575290226	-59.31859296478696	-37.52215943677565	60.226970062870336	-4.714577054554989	238.36453823806983	238.36453823806983	-120.51765181623381	-4.714577054554989	-340.16573575290226	-13.70025059216701	-76.85901465611046	-2392.112783484965	2398.2858476002802	-2392.112783484965	2350.8051453316857	108.3212146722678	108.3212146722678	147.92309120803282	147.92309120803282	14.356293861656738	14.356293861656738	-0.3513695002931314	60.226970062870336	-0.3513695002931314	-4.084022130412122	-9.616228461754886	292.79961016528046	-340.16573575290226	2350.8051453316857	-2350.8051453316857	85.26407574804068	-93.34459767870185	93.34459767870185	-340.16573575290226	238.36453823806983	-8095.758937884311	160.3544807973836	21.924774860220936	21.924774860220936	389.30403512184193	389.30403512184193	37.52215943677565	109.98080916314028	10.131322816949066	-41.14218631288291	-10.131322816949066	-2350.8051453316857	59.875600562577205	98.19980608799885	98.19980608799885	-96.50442495656148	-17.934956122699177	-17.934956122699177	201.81627301999052	201.81627301999052	59.875600562577205	-4.084022130412122	21.924774860220936	0.0	0.0	0.0	0.0	0.0	-160.3544807973836	-21.924774860220936	-21.924774860220936	-389.30403512184193	-389.30403512184193	-37.52215943677565	-109.98080916314028	-10.131322816949066	41.14218631288291	10.131322816949066	2350.8051453316857	-59.875600562577205	-98.19980608799885	-98.19980608799885	96.50442495656148	17.934956122699177	17.934956122699177	-201.81627301999052	-201.81627301999052	-59.875600562577205	4.084022130412122	-21.924774860220936	0.0	0.0	0.0	0.0	0.0
047.Avocado	18562.89400390556	-509.06258290772996	18562.89400390556	18562.89400390556	-4.419732707544977	-4.419732707544977	-4.419732707544977	-203.37239483321355	-203.37239483321355	231.59161807225962	70.69516331817982	70.69516331817982	-178.80645864314252	-178.80645864314252	-178.80645864314252	-178.80645864314252	-203.37239483321355	70.69516331817982	-203.37239483321355	-203.37239483321355	-1255.8708428802236	203.37239483321355	-203.37239483321355	-203.37239483321355	-1490.0893948382607	-1793.2339024080402	1142.5144497699157	-63.54672906375378	115.60767809692703	115.60767809692703	-1723.697873958181	-63.54672906375378	-203.37239483321355	-414.65676729038677	309.64612399145796	1100.9624224819427	-1093.2246141889102	1100.9624224819427	-507.84320020977407	1176.7296265694838	1176.7296265694838	1345.083478533384	1345.083478533384	936.5507921068698	936.5507921068698	325.26037037027095	1142.5144497699157	325.26037037027095	-25.276307918467793	-389.380459371919	-1281.0963716926822	-203.37239483321355	-507.84320020977407	507.84320020977407	-310.741293622154	-77.11897292191728	77.11897292191728	-203.37239483321355	115.60767809692703	-6226.7807883548885	129.971442221548	-66.52284568956891	-66.52284568956891	530.3948197351397	530.3948197351397	1793.2339024080402	1832.9688312017743	219.30688681567676	-704.2420491595411	-219.30688681567676	507.84320020977407	1467.7748201401869	1784.0977035286865	1784.0977035286865	-1811.4911914278218	-18.688616124246153	-18.688616124246153	253.32928097032678	253.32928097032678	1467.7748201401869	-25.276307918467793	-66.52284568956891	0.0	0.0	0.0	0.0	0.0	-129.971442221548	66.52284568956891	66.52284568956891	-530.3948197351397	-530.3948197351397	-1793.2339024080402	-1832.9688312017743	-219.30688681567676	704.2420491595411	219.30688681567676	-507.84320020977407	-1467.7748201401869	-1784.0977035286865	-1784.0977035286865	1811.4911914278218	18.688616124246153	18.688616124246153	-253.32928097032678	-253.32928097032678	-1467.7748201401869	25.276307918467793	66.52284568956891	0.0	0.0	0.0	0.0	0.0
048.NoAvocado	31757.94281489889	-377.2539648899849	31757.94281489889	31757.94281489889	-5.323243560827314	-5.323243560827314	-5.323243560827314	517.5128191423678	517.5128191423678	-69.30363700122726	-204.278146756695	-204.278146756695	48.026669331656265	48.026669331656265	48.026669331656265	48.026669331656265	517.5128191423678	-204.278146756695	517.5128191423678	517.5128191423678	-854.2647549565888	-517.5128191423678	517.5128191423678	517.5128191423678	-351.4187016316639	-1639.2549389763328	1873.6554006482947	20.242521105579875	225.01531501013622	225.01531501013622	-1624.567766594498	20.242521105579875	517.5128191423678	115.6500314782796	173.09040191860754	-411.95159071168547	413.32891774357813	-411.95159071168547	233.9660294057086	1944.4719331346823	1944.4719331346823	1978.4868529114983	1978.4868529114983	2148.855681643289	2148.855681643289	-144.18734235556235	1873.6554006482947	-144.18734235556235	3.4615864525657782	112.18844502571382	-790.3220628881596	517.5128191423678	233.9660294057086	-233.9660294057086	69.92665405290809	117.58668090980325	-117.58668090980325	517.5128191423678	225.01531501013622	2251.2726508421547	25.621242061751502	20.465680622282907	20.465680622282907	817.4681005155369	817.4681005155369	1639.2549389763328	1636.5447957443587	-13.456669001542267	152.82578195011385	13.456669001542267	-233.9660294057086	1729.4680582927324	1688.4838807102417	1688.4838807102417	-1607.7901634036964	-7.966195224722901	-7.966195224722901	185.6725499580836	185.6725499580836	1729.4680582927324	3.4615864525657782	20.465680622282907	0.0	0.0	0.0	0.0	0.0	-25.621242061751502	-20.465680622282907	-20.465680622282907	-817.4681005155369	-817.4681005155369	-1639.2549389763328	-1636.5447957443587	13.456669001542267	-152.82578195011385	-13.456669001542267	233.9660294057086	-1729.4680582927324	-1688.4838807102417	-1688.4838807102417	1607.7901634036964	7.966195224722901	7.966195224722901	-185.6725499580836	-185.6725499580836	-1729.4680582927324	-3.4615864525657782	-20.465680622282907	0.0	0.0	0.0	0.0	0.0
050.Avocado	-587.1428829716081	-24.352573724684063	-587.1428829716081	-587.1428829716081	11.168472833146177	11.168472833146177	11.168472833146177	-271.3465927590207	-271.3465927590207	132.20827685319838	-4.77907245614216	-4.77907245614216	-130.77111474466133	-130.77111474466133	-130.77111474466133	-130.77111474466133	-271.3465927590207	-4.77907245614216	-271.3465927590207	-271.3465927590207	244.23224077359373	271.3465927590207	-271.3465927590207	-271.3465927590207	-52.60565878535128	38.567305594920256	-131.39861182047616	61.68819100981089	-9.325530765282036	-9.325530765282036	-118.8347031062432	61.68819100981089	-271.3465927590207	-121.22927453616914	283.9308665969598	-1949.0425632298354	1948.7202278978705	-1949.0425632298354	2335.997646815009	-91.69033111202744	-91.69033111202744	-87.44141934068558	-87.44141934068558	-301.0599877043214	-301.0599877043214	71.19175315387079	-131.39861182047616	71.19175315387079	3.7613553764264926	-124.99062991259564	227.0703392182721	-271.3465927590207	2335.997646815009	-2335.997646815009	-71.58529838456596	21.945322086269805	-21.945322086269805	-271.3465927590207	-9.325530765282036	-1595.9239518792456	93.60165400130418	-5.334851938098159	-5.334851938098159	345.9728207625822	345.9728207625822	-38.567305594920256	47.72756999973875	307.4545109443103	-372.1617334955264	-307.4545109443103	-2335.997646815009	-60.206858666605356	131.31557749730405	131.31557749730405	-118.90248154431013	-36.98211496503523	-36.98211496503523	-62.14342608759009	-62.14342608759009	-60.206858666605356	3.7613553764264926	-5.334851938098159	0.0	0.0	0.0	0.0	0.0	-93.60165400130418	5.334851938098159	5.334851938098159	-345.9728207625822	-345.9728207625822	38.567305594920256	-47.72756999973875	-307.4545109443103	372.16173349552645	307.4545109443103	2335.997646815009	60.206858666605356	-131.31557749730405	-131.31557749730405	118.90248154431013	36.98211496503523	36.98211496503523	62.14342608759009	62.14342608759009	60.206858666605356	-3.7613553764264926	5.334851938098159	0.0	0.0	0.0	0.0	0.0
056.Avocado	-1971.6933000282147	1052.44274569394	-1971.6933000282147	-1971.6933000282147	12.772009576174844	12.772009576174844	12.772009576174844	389.9383735615794	389.9383735615794	223.92131527451681	58.82105974480237	58.82105974480237	-224.81376995378793	-224.81376995378793	-224.81376995378793	-224.81376995378793	389.9383735615794	58.82105974480237	389.9383735615794	389.9383735615794	-538.9857827172307	-389.9383735615794	389.9383735615794	389.9383735615794	-152.34160711914706	-1261.029431382321	823.3626845125875	-55.494147223409364	95.24144898478252	95.24144898478252	-1281.3535126639608	-55.494147223409364	389.9383735615794	-191.0906179941126	368.1805285389264	-1969.2090826960557	1972.7906912077783	-1969.2090826960557	2451.9733102109235	716.1316657489454	716.1316657489454	792.6461727072036	792.6461727072036	417.2954804327702	417.2954804327702	-40.51245721643511	823.3626845125875	-40.51245721643511	5.869407116025762	-196.96002511013836	-483.75617262267275	389.9383735615794	2451.9733102109235	-2451.9733102109235	-122.87009641161609	-12.361603658793733	12.361603658793733	389.9383735615794	95.24144898478252	850.011021100494	125.11213589340431	3.049264224283675	3.049264224283675	766.8614735400479	766.8614735400479	1261.029431382321	1332.0678326460734	327.79276733741506	-589.1650121334537	-327.79276733741506	-2451.9733102109235	782.8502272961524	1311.4292528250774	1311.4292528250774	-1250.6176461627206	-12.484599027947752	-12.484599027947752	105.74364437481802	105.74364437481802	782.8502272961524	5.869407116025762	3.049264224283675	0.0	0.0	0.0	0.0	0.0	-125.11213589340431	-3.049264224283675	-3.049264224283675	-766.8614735400479	-766.8614735400479	-1261.029431382321	-1332.0678326460734	-327.79276733741506	589.1650121334537	327.79276733741506	2451.9733102109235	-782.8502272961524	-1311.4292528250774	-1311.4292528250774	1250.6176461627206	12.484599027947752	12.484599027947752	-105.74364437481802	-105.74364437481802	-782.8502272961524	-5.869407116025762	-3.049264224283675	0.0	0.0	0.0	0.0	0.0
060.NoAvocado	2300.4456129066257	1152.3306267256662	2300.4456129066257	2300.4456129066257	-13.541336805566868	-13.541336805566868	-13.541336805566868	154.78499454657378	154.78499454657378	74.6077559825901	16.014159398164153	16.014159398164153	-70.51393777058722	-70.51393777058722	-70.51393777058722	-70.51393777058722	154.78499454657378	16.014159398164153	154.78499454657378	154.78499454657378	-478.5114324620848	-154.78499454657378	154.78499454657378	154.78499454657378	-333.2148034706096	-623.5705063914135	560.8989234939152	-26.25177661553627	56.21842541602574	56.21842541602574	-609.7228134634285	-26.25177661553627	154.78499454657378	-114.05848754255943	9.072558310999	595.9894204857168	-598.9841072979268	595.9894204857168	-471.59207893228097	450.18675847857924	450.18675847857924	507.56973473874814	507.56973473874814	243.00522720241207	243.00522720241207	-33.83734698810542	560.8989234939152	-33.83734698810542	-12.879507397676564	-101.17898014488287	-463.6394704177788	154.78499454657378	-471.59207893228097	471.59207893228097	-109.06334730437537	3.6831271652846134	-3.6831271652846134	154.78499454657378	56.21842541602574	1443.476798007252	103.86607155724417	-8.275845380899414	-8.275845380899414	169.20502779524247	169.20502779524247	623.5705063914135	689.8522431436381	15.571666656273223	-165.55008994718247	-15.571666656273223	471.59207893228097	527.0615765058097	647.3200052269593	647.3200052269593	-632.8444982130212	1.058284438258319	1.058284438258319	72.65932515238785	72.65932515238785	527.0615765058097	-12.879507397676564	-8.275845380899414	0.0	0.0	0.0	0.0	0.0	-103.86607155724417	8.275845380899414	8.275845380899414	-169.20502779524247	-169.20502779524247	-623.5705063914135	-689.8522431436381	-15.571666656273223	165.5500899471825	15.571666656273223	-471.59207893228097	-527.0615765058097	-647.3200052269593	-647.3200052269593	632.8444982130212	-1.058284438258319	-1.058284438258319	-72.65932515238785	-72.65932515238785	-527.0615765058097	12.879507397676564	8.275845380899414	0.0	0.0	0.0	0.0	0.0
063.Avocado	1618.596079823364	-96.5101025419278	1618.596079823364	1618.596079823364	132.1706273119425	132.1706273119425	132.1706273119425	-863.9106974661917	-863.9106974661917	-129.9039007360861	-177.96399968272897	-177.96399968272897	81.5415806659638	81.5415806659638	81.5415806659638	81.5415806659638	-863.9106974661917	-177.96399968272897	-863.9106974661917	-863.9106974661917	-11.769772783210044	863.9106974661917	-863.9106974661917	-863.9106974661917	-909.9408488938697	284.39760062062066	-201.2805358863506	70.50548575730974	-97.99255202413309	-97.99255202413309	202.23199125630447	70.50548575730974	-863.9106974661917	-17.858492274959534	49.46263239217424	-412.02035706556217	412.86311838260565	-412.02035706556217	482.75575382853316	-161.6094422678931	-161.6094422678931	-5.6199453390144924	-5.6199453390144924	63.5583618799339	63.5583618799339	20.449453007934615	-201.2805358863506	20.449453007934615	2.781179149595469	-20.639671424555004	21.170351507322877	-863.9106974661917	482.75575382853316	-482.75575382853316	17.14535301219118	39.566069059189616	-39.566069059189616	-863.9106974661917	-97.99255202413309	17582.812806504062	58.87367644620116	50.711545881388204	50.711545881388204	-265.65705545913715	-265.65705545913715	-284.39760062062066	-306.797645323747	108.82455181494913	-65.21440045863952	-108.82455181494913	-482.75575382853316	-180.831082878416	-217.68848619890719	-217.68848619890719	286.82740696646005	-165.58824463936696	-165.58824463936696	-171.1526467061185	-171.1526467061185	-180.831082878416	2.781179149595469	50.711545881388204	0.0	0.0	0.0	0.0	0.0	-58.87367644620116	-50.711545881388204	-50.711545881388204	265.65705545913715	265.65705545913715	284.39760062062066	306.797645323747	-108.82455181494913	65.21440045863952	108.82455181494913	482.75575382853316	180.831082878416	217.68848619890719	217.68848619890719	-286.82740696646005	165.58824463936696	165.58824463936696	171.1526467061185	171.1526467061185	180.831082878416	-2.781179149595469	-50.711545881388204	0.0	0.0	0.0	0.0	0.0
064.NoAvocado	25665.20739726384	-3183.308090652587	25665.20739726384	25665.20739726384	26.885831649873698	26.885831649873698	26.885831649873698	-959.0080649070719	-959.0080649070719	-31.048817905715985	-203.14595658397516	-203.14595658397516	60.687794429901274	60.687794429901274	60.687794429901274	60.687794429901274	-959.0080649070719	-203.14595658397516	-959.0080649070719	-959.0080649070719	-1423.3513508115404	959.0080649070719	-959.0080649070719	-959.0080649070719	-2429.9541491913033	-1437.9063335423396	878.104522226219	-120.15030798915528	-450.04307383898424	-450.04307383898424	-1379.7787410158842	-120.15030798915528	-959.0080649070719	-4.346982203050635	226.54203404005472	-33.73526797955475	44.29223247533042	-33.73526797955475	393.7860142662163	967.2740551378236	967.2740551378236	1033.7888020189941	1033.7888020189941	755.7593934181255	755.7593934181255	406.7718589461963	878.104522226219	406.7718589461963	-28.450916140626905	24.103933937576272	-668.2013419333293	-959.0080649070719	393.7860142662163	-393.7860142662163	-2.008579061739292	-12.386644683588212	12.386644683588212	-959.0080649070719	-450.04307383898424	-8655.095581786441	122.32786172196668	-5.331103186069333	-5.331103186069333	-23.92194444699021	-23.92194444699021	1437.9063335423396	1526.1949935295816	404.7468417503253	-555.5049003276592	-404.7468417503253	-393.7860142662163	1284.8763811724152	1408.0162592008382	1408.0162592008382	-644.2793974863391	-63.92360062678861	-63.92360062678861	-311.741714731569	-311.741714731569	1284.8763811724152	-28.450916140626905	-5.331103186069333	0.0	0.0	0.0	0.0	0.0	-122.32786172196668	5.331103186069333	5.331103186069333	23.92194444699021	23.92194444699021	-1437.9063335423396	-1526.1949935295816	-404.7468417503253	555.5049003276592	404.7468417503253	393.7860142662163	-1284.8763811724152	-1408.0162592008382	-1408.0162592008382	644.2793974863391	63.92360062678861	63.92360062678861	311.741714731569	311.741714731569	-1284.8763811724152	28.450916140626905	5.331103186069333	0.0	0.0	0.0	0.0	0.0
071.Avocado	236082.74372028594	-25533.376282069697	236082.74372028594	236082.74372028594	364.0799186935247	364.0799186935247	364.0799186935247	2337.053237753297	2337.053237753297	-53.51852760805805	-23.87451311838516	-23.87451311838516	52.550871117954124	52.550871117954124	52.550871117954124	52.550871117954124	2337.053237753297	-23.87451311838516	2337.053237753297	2337.053237753297	606.1726647920342	-2337.053237753297	2337.053237753297	2337.053237753297	2772.345239197525	-225.6798741822795	36.22926496661239	503.56726030581046	-11019.080103743368	-11019.080103743368	-3595.8020228804194	503.56726030581046	2337.053237753297	-2684.1540076292677	-1253.5652141626074	3112.5586487856344	-2772.0366258509894	3112.5586487856344	313.8171503649222	99.09571635945758	99.09571635945758	1957.1856010127335	1957.1856010127335	151.78608634689044	151.78608634689044	2242.9037023805568	36.22926496661239	2242.9037023805568	370.2509389404224	-3054.4049465696903	15897.098690883342	2337.053237753297	313.8171503649222	-313.8171503649222	4281.708704358944	-7328.880827839473	7328.880827839473	2337.053237753297	-11019.080103743368	-236639.04985076867	-2429.4520755988933	563.9548385829655	563.9548385829655	5102.3371213797345	5102.3371213797345	225.6798741822795	4726.421974697709	935.7847185031583	-4020.1479359068944	-935.7847185031583	-313.8171503649222	2279.132967347169	4696.774035941283	4696.774035941283	10794.761569503607	-194.43855910668555	-194.43855910668555	-10914.96288823895	-10914.96288823895	2279.132967347169	370.2509389404224	563.9548385829655	0.0	0.0	0.0	0.0	0.0	2429.4520755988933	-563.9548385829655	-563.9548385829655	-5102.3371213797345	-5102.3371213797345	-225.6798741822795	-4726.421974697709	-935.7847185031583	4020.1479359068944	935.7847185031583	313.8171503649222	-2279.132967347169	-4696.774035941283	-4696.774035941283	-10794.761569503607	194.43855910668555	194.43855910668555	10914.96288823895	10914.96288823895	-2279.132967347169	-370.2509389404224	-563.9548385829655	0.0	0.0	0.0	0.0	0.0
073.Avocado	139.49987137329202	33.693555170775696	139.49987137329202	139.49987137329202	-0.7078337557195857	-0.7078337557195857	-0.7078337557195857	590.8930373600695	590.8930373600695	53.6275721589136	-9.519113811883145	-9.519113811883145	-139.55900376440135	-139.55900376440135	-139.55900376440135	-139.55900376440135	590.8930373600695	-9.519113811883145	590.8930373600695	590.8930373600695	-421.1219976088485	-590.8930373600695	590.8930373600695	590.8930373600695	169.51847054691598	-921.845173802681	434.3919814217163	1.5744577581248445	-83.34521428604049	-83.34521428604049	-812.3022246643976	1.5744577581248445	590.8930373600695	-112.15455388141385	295.8864562254051	383.54491247452574	-381.6657111637345	383.54491247452574	13.447315140073767	293.30590903670577	293.30590903670577	253.607305622461	253.607305622461	431.6733037716674	431.6733037716674	29.188282545811944	434.3919814217163	29.188282545811944	-3.505295521387577	-108.64925836002627	-391.07976813405037	590.8930373600695	13.447315140073767	-13.447315140073767	-14.247035150600567	-91.61621118950131	91.61621118950131	590.8930373600695	-83.34521428604049	-8044.400027988617	1.6929573471563373	76.61994764377272	76.61994764377272	513.5435462826085	513.5435462826085	921.845173802681	939.4375501813957	294.1127687419531	-408.6995492259693	-294.1127687419531	-13.447315140073767	463.58026396752825	929.5336162635832	929.5336162635832	-904.6233144166589	2.3344658622058376	2.3344658622058376	52.23424701088038	52.23424701088038	463.58026396752825	-3.505295521387577	76.61994764377272	0.0	0.0	0.0	0.0	0.0	-1.6929573471563373	-76.61994764377272	-76.61994764377272	-513.5435462826085	-513.5435462826085	-921.845173802681	-939.4375501813957	-294.1127687419531	408.6995492259693	294.1127687419531	13.447315140073767	-463.58026396752825	-929.5336162635832	-929.5336162635832	904.6233144166589	-2.3344658622058376	-2.3344658622058376	-52.23424701088038	-52.23424701088038	-463.58026396752825	3.505295521387577	-76.61994764377272	0.0	0.0	0.0	0.0	0.0
086.NoAvocado	1348.1930011316047	981.6683170524758	1348.1930011316047	1348.1930011316047	-32.35576579707906	-32.35576579707906	-32.35576579707906	67.83265598509598	67.83265598509598	-12.90653308712767	-43.34226100627153	-43.34226100627153	19.81026504237247	19.81026504237247	19.81026504237247	19.81026504237247	67.83265598509598	-43.34226100627153	67.83265598509598	67.83265598509598	126.71778320968401	-67.83265598509598	67.83265598509598	67.83265598509598	190.60336223571088	-37.40585185855883	24.11582459283727	-53.669119566093734	17.743331563788942	17.743331563788942	-167.0536129165479	-53.669119566093734	67.83265598509598	-29.11766568037593	-46.72646878225197	218.86046098535493	-213.41290811168952	218.86046098535493	-413.36446778552477	-160.66636380015512	-160.66636380015512	93.45101061623214	93.45101061623214	158.61218159990938	158.61218159990938	208.35173364144077	24.11582459283727	208.35173364144077	9.851404587372185	-38.969070267748116	375.640213202273	67.83265598509598	-413.36446778552477	413.36446778552477	127.63082642705092	-152.2714414130648	152.2714414130648	67.83265598509598	17.743331563788942	2344.895039537259	23.920018878408005	-19.22941285869438	-19.22941285869438	421.5333556434522	421.5333556434522	37.40585185855883	359.2636558628178	-228.44272279404944	142.12173870922976	228.44272279404944	413.36446778552477	232.46755823427804	303.16650110654405	303.16650110654405	-45.89314244117918	33.856241711675345	33.856241711675345	3.6162905484751833	3.6162905484751833	232.46755823427804	9.851404587372185	-19.22941285869438	0.0	0.0	0.0	0.0	0.0	-23.920018878408005	19.22941285869438	19.22941285869438	-421.5333556434522	-421.5333556434522	-37.40585185855883	-359.2636558628178	228.44272279404944	-142.12173870922976	-228.44272279404944	-413.36446778552477	-232.46755823427804	-303.16650110654405	-303.16650110654405	45.89314244117918	-33.856241711675345	-33.856241711675345	-3.6162905484751833	-3.6162905484751833	-232.46755823427804	-9.851404587372185	19.22941285869438	0.0	0.0	0.0	0.0	0.0
094.Avocado	11079.063969831232	690.311056051374	11079.063969831232	11079.063969831232	103.10884851493283	103.10884851493283	103.10884851493283	262.8322851031571	262.8322851031571	-43.189944819917656	88.19389032708186	88.19389032708186	55.941037506103264	55.941037506103264	55.941037506103264	55.941037506103264	262.8322851031571	88.19389032708186	262.8322851031571	262.8322851031571	47.46730326255188	-262.8322851031571	262.8322851031571	262.8322851031571	242.7803560849295	36.017779612299364	-17.438317991466988	7.76116030693064	229.65185519818525	229.65185519818525	-215.72815459855815	7.76116030693064	262.8322851031571	-170.84179988134275	347.00683465390443	-1254.171201116421	1261.7332708584895	-1254.171201116421	1636.3059426956586	-31.21562935070972	-31.21562935070972	77.37557857163546	77.37557857163546	-89.74215813757348	-89.74215813757348	325.89529028865053	-17.438317991466988	325.89529028865053	15.993465857980382	-186.83526573932312	14.318921302547722	262.8322851031571	1636.3059426956586	-1636.3059426956586	-11.518566029175048	-169.29310390621382	169.29310390621382	262.8322851031571	229.65185519818525	-27536.04030529056	-131.1090450818442	-17.589134133231063	-17.589134133231063	388.50860828287273	388.50860828287273	-36.017779612299364	411.3018272001681	319.5787947547017	-508.87271922391426	-319.5787947547017	-1636.3059426956586	308.45697229718354	416.99193341701204	416.99193341701204	-374.189686980325	-163.06601105364365	-163.06601105364365	165.76418235035914	165.76418235035914	308.45697229718354	15.993465857980382	-17.589134133231063	0.0	0.0	0.0	0.0	0.0	131.1090450818442	17.589134133231063	17.589134133231063	-388.50860828287273	-388.50860828287273	36.017779612299364	-411.3018272001681	-319.5787947547017	508.87271922391426	319.5787947547017	1636.3059426956586	-308.45697229718354	-416.99193341701204	-416.99193341701204	374.189686980325	163.06601105364365	163.06601105364365	-165.76418235035914	-165.76418235035914	-308.45697229718354	-15.993465857980382	17.589134133231063	0.0	0.0	0.0	0.0	0.0
096.Avocado	53879.72693900171	-2057.188902607518	53879.72693900171	53879.72693900171	425.18415394664237	425.18415394664237	425.18415394664237	-14723.323483674383	-14723.323483674383	473.8378921199029	312.8336775432856	312.8336775432856	-579.5875653520675	-579.5875653520675	-579.5875653520675	-579.5875653520675	-14723.323483674383	312.8336775432856	-14723.323483674383	-14723.323483674383	-611.4244653974883	14723.323483674383	-14723.323483674383	-14723.323483674383	-15433.858357338155	-259.1934007489691	-8951.445369292574	-45.226361119358046	-201.87112570093223	-201.87112570093223	-615.3976423821075	-45.226361119358046	-14723.323483674383	-3156.0135516642304	466.2550262467139	2780.593751971116	-2437.096383422885	2780.593751971116	2422.1770738336645	-12689.404907617727	-12689.404907617727	-9607.565135572091	-9607.565135572091	-16964.75276625561	-16964.75276625561	1467.337435810321	-8951.445369292574	1467.337435810321	363.987234027468	-3520.000785691698	38.481856180753425	-14723.323483674383	2422.1770738336645	-2422.1770738336645	13830.292216073187	-17334.867555397417	17334.867555397417	-14723.323483674383	-201.87112570093223	-118283.46348252759	-146.384451336084	229.25040958593408	229.25040958593408	63.03780093593366	63.03780093593366	259.1934007489691	1002.627243704499	1780.4523957424362	-5554.2764301081215	-1780.4523957424362	-2422.1770738336645	-7484.107933482253	794.0625400789427	794.0625400789427	-24.555944755180235	-180.797193664695	-180.797193664695	2293.996707099296	2293.996707099296	-7484.107933482253	363.987234027468	229.25040958593408	0.0	0.0	0.0	0.0	0.0	146.384451336084	-229.25040958593408	-229.25040958593408	-63.03780093593366	-63.03780093593366	-259.1934007489691	-1002.627243704499	-1780.4523957424362	5554.276430108122	1780.4523957424362	2422.1770738336645	7484.107933482253	-794.0625400789427	-794.0625400789427	24.555944755180235	180.797193664695	180.797193664695	-2293.996707099296	-2293.996707099296	7484.107933482253	-363.987234027468	-229.25040958593408	0.0	0.0	0.0	0.0	0.0
097.NoAvocado	-2473.367777240064	416.5634938709949	-2473.367777240064	-2473.367777240064	15.516299503004255	15.516299503004255	15.516299503004255	-206.90905821095794	-206.90905821095794	183.300581815729	273.5138709914918	273.5138709914918	-215.09471273495586	-215.09471273495586	-215.09471273495586	-215.09471273495586	-206.90905821095794	273.5138709914918	-206.90905821095794	-206.90905821095794	50.90505950180661	206.90905821095794	-206.90905821095794	-206.90905821095794	-151.0755791566637	363.123473975017	-506.1711287239571	-56.88792343745435	-84.91957665740055	-84.91957665740055	434.5815121144238	-56.88792343745435	-206.90905821095794	-1.423928410301421	151.5904018651922	343.85089735360987	-345.9082871810216	343.85089735360987	-131.04625945504017	-622.8453832344917	-622.8453832344917	-666.9197487780335	-666.9197487780335	-754.4637311587113	-754.4637311587113	-72.86187965445103	-506.1711287239571	-72.86187965445103	-2.6482920894649973	1.2243636791635764	62.03915001627723	-206.90905821095794	-131.04625945504017	131.04625945504017	-15.343210680221958	16.418531458869317	-16.418531458869317	-206.90905821095794	-84.91957665740055	-217.064555650486	-149.9773827199128	28.36112038550167	28.36112038550167	-305.31677278019754	-305.31677278019754	-363.123473975017	-305.3759113799401	211.73272977572813	-264.6246438294095	-211.73272977572813	131.04625945504017	-579.0330083784081	-361.7411540965451	-361.7411540965451	367.3559227964748	-12.64526977792834	-12.64526977792834	43.80811789503654	43.80811789503654	-579.0330083784081	-2.6482920894649973	28.36112038550167	0.0	0.0	0.0	0.0	0.0	149.9773827199128	-28.36112038550167	-28.36112038550167	305.31677278019754	305.31677278019754	363.123473975017	305.3759113799401	-211.73272977572813	264.6246438294095	211.73272977572813	-131.04625945504017	579.0330083784081	361.7411540965451	361.7411540965451	-367.3559227964748	12.64526977792834	12.64526977792834	-43.80811789503654	-43.80811789503654	579.0330083784081	2.6482920894649973	-28.36112038550167	0.0	0.0	0.0	0.0	0.0
099.Avocado	-1693.102654956302	395.13635366137476	-1693.102654956302	-1693.102654956302	-66.40010481985333	-66.40010481985333	-66.40010481985333	-163.0473903986998	-163.0473903986998	164.09944339827697	48.98286619629462	48.98286619629462	-200.74868954757605	-200.74868954757605	-200.74868954757605	-200.74868954757605	-163.0473903986998	48.98286619629462	-163.0473903986998	-163.0473903986998	-177.78897176758556	163.0473903986998	-163.0473903986998	-163.0473903986998	-343.82122310763873	-316.4658005231351	73.15769273910797	2.2007548997900637	51.01264496117854	51.01264496117854	-119.86298470798954	2.2007548997900637	-163.0473903986998	-33.861215363037154	145.78966516429338	295.9118801315582	-291.6174165634288	295.9118801315582	1.733184777682773	106.37321095684794	106.37321095684794	-70.8048147703098	-70.8048147703098	159.70619369207265	159.70619369207265	59.00388220435096	73.15769273910797	59.00388220435096	-3.783051900909725	-30.07816346212743	-151.39228221544818	-163.0473903986998	1.733184777682773	-1.733184777682773	25.49381305746836	-59.75656347663097	59.75656347663097	-163.0473903986998	51.01264496117854	2905.5742923708463	125.25755911581504	32.80391072213129	32.80391072213129	141.65522919236122	141.65522919236122	316.4658005231351	317.68699407396673	282.5152340514609	-324.8558152923744	-282.5152340514609	-1.733184777682773	132.16157494345893	314.35154643226093	314.35154643226093	-293.0475114078094	67.70970744662944	67.70970744662944	30.550993961054864	30.550993961054864	132.16157494345893	-3.783051900909725	32.80391072213129	0.0	0.0	0.0	0.0	0.0	-125.25755911581504	-32.80391072213129	-32.80391072213129	-141.65522919236122	-141.65522919236122	-316.4658005231351	-317.68699407396673	-282.5152340514609	324.8558152923744	282.5152340514609	1.733184777682773	-132.16157494345893	-314.35154643226093	-314.35154643226093	293.0475114078094	-67.70970744662944	-67.70970744662944	-30.550993961054864	-30.550993961054864	-132.16157494345893	3.783051900909725	-32.80391072213129	0.0	0.0	0.0	0.0	0.0
102.Avocado	-821.9273526686623	23.44060492187903	-821.9273526686623	-821.9273526686623	24.7641175798765	24.7641175798765	24.7641175798765	295.15482704867077	295.15482704867077	-100.38048398095664	-98.4975490849963	-98.4975490849963	94.02970433587879	94.02970433587879	94.02970433587879	94.02970433587879	295.15482704867077	-98.4975490849963	295.15482704867077	295.15482704867077	455.22632942847173	-295.15482704867077	295.15482704867077	295.15482704867077	752.2210295529719	-424.20918812997024	213.87679795007782	-95.13596226793659	-47.59366736262092	-47.59366736262092	-338.0534156347099	-95.13596226793659	295.15482704867077	-161.27177259797173	-42.07634230934505	-51.10129785616928	51.02669922873238	-51.10129785616928	176.39515600381637	270.34463575286696	270.34463575286696	263.0253226295706	263.0253226295706	45.95363084845246	45.95363084845246	15.35326132018119	213.87679795007782	15.35326132018119	8.39912559152585	-169.6708981894976	457.1722912413609	295.15482704867077	176.39515600381637	-176.39515600381637	-167.5975848183316	-6.552131431330613	6.552131431330613	295.15482704867077	-47.59366736262092	-5648.460541876135	10.457006588406585	-19.91992584387629	-19.91992584387629	899.9159664308663	899.9159664308663	424.20918812997024	541.4547286982677	-29.485676200007845	-230.3524797450455	29.485676200007845	-176.39515600381637	229.230059270259	451.32348814552796	451.32348814552796	-442.7436751895055	-22.998843131483923	-22.998843131483923	-25.18336904911895	-25.18336904911895	229.230059270259	8.39912559152585	-19.91992584387629	0.0	0.0	0.0	0.0	0.0	-10.457006588406585	19.91992584387629	19.91992584387629	-899.9159664308663	-899.9159664308663	-424.20918812997024	-541.4547286982677	29.485676200007845	230.35247974504549	-29.485676200007845	176.39515600381637	-229.230059270259	-451.32348814552796	-451.32348814552796	442.7436751895055	22.998843131483923	22.998843131483923	25.18336904911895	25.18336904911895	-229.230059270259	-8.39912559152585	19.91992584387629	0.0	0.0	0.0	0.0	0.0
113.Avocado	2167.1209928638827	-1855.8690795287157	2167.1209928638827	2167.1209928638827	49.46745619676525	49.46745619676525	49.46745619676525	72.06933618365893	72.06933618365893	-189.73838456591676	-114.77012507538825	-114.77012507538825	158.47001423253147	158.47001423253147	158.47001423253147	158.47001423253147	72.06933618365893	-114.77012507538825	72.06933618365893	72.06933618365893	-103.04878643450488	-72.06933618365893	72.06933618365893	72.06933618365893	-43.77522204535191	-171.54760671162157	471.363398474636	-130.4957675736293	37.97163785488395	37.97163785488395	-123.4288870187815	-130.4957675736293	72.06933618365893	135.18210017630034	-95.60156631842867	-297.980979795088	296.089688532517	-297.980979795088	80.38269184072637	392.6783965240861	392.6783965240861	452.39677798124166	452.39677798124166	683.7923294544238	683.7923294544238	-62.414527526253124	471.363398474636	-62.414527526253124	6.97082235413485	128.2112778221655	-117.34125116993216	72.06933618365893	80.38269184072637	-80.38269184072637	19.961407994900597	112.86856203045694	-112.86856203045694	72.06933618365893	37.97163785488395	-2909.8996906397897	-40.22770116907634	12.401912458212653	12.401912458212653	62.536212876963575	62.536212876963575	171.54760671162157	337.98095123803677	-81.14241912666279	94.61433460354957	81.14241912666279	-80.38269184072637	408.94887094838293	187.24288472268026	187.24288472268026	-179.87746404689574	-64.15451925384221	-64.15451925384221	13.36330026451048	13.36330026451048	408.94887094838293	6.97082235413485	12.401912458212653	0.0	0.0	0.0	0.0	0.0	40.22770116907634	-12.401912458212653	-12.401912458212653	-62.536212876963575	-62.536212876963575	-171.54760671162157	-337.98095123803677	81.14241912666279	-94.61433460354957	-81.14241912666279	80.38269184072637	-408.94887094838293	-187.24288472268026	-187.24288472268026	179.87746404689574	64.15451925384221	64.15451925384221	-13.36330026451048	-13.36330026451048	-408.94887094838293	-6.97082235413485	-12.401912458212653	0.0	0.0	0.0	0.0	0.0
114.NoAvocado	5163.214113289526	76.33192212358045	5163.214113289526	5163.214113289526	39.802865239116805	39.802865239116805	39.802865239116805	-683.7423806420725	-683.7423806420725	-287.7561380020555	-368.07275283443244	-368.07275283443244	207.71323695931835	207.71323695931835	207.71323695931835	207.71323695931835	-683.7423806420725	-368.07275283443244	-683.7423806420725	-683.7423806420725	-67.10634133475014	683.7423806420725	-683.7423806420725	-683.7423806420725	-750.4837786942081	633.1251057265367	-831.5316576580799	-49.06135534732711	28.723902853593835	28.723902853593835	525.5273002229083	-49.06135534732711	-683.7423806420725	29.365973021524912	56.3467455100909	246.2660895525578	-246.331525691999	246.2660895525578	-229.3501628401248	-223.91343283773637	-223.91343283773637	-272.4346400946486	-272.4346400946486	-139.03902844525027	-139.03902844525027	222.50917892811	-831.5316576580799	222.50917892811	-5.2845631579765	34.650536179501415	348.29322476608064	-683.7423806420725	-229.3501628401248	229.3501628401248	-25.74031847049572	33.67341731279671	-33.67341731279671	-683.7423806420725	28.723902853593835	-1627.8815554733728	48.17221106480213	64.72144762438644	64.72144762438644	-422.9862183319975	-422.9862183319975	-633.1251057265367	-334.4034730319814	57.1264883909416	-70.1135886530939	-57.1264883909416	229.3501628401248	-609.02247872997	-361.46394729839716	-361.46394729839716	771.2794430980782	-39.50335809594353	-39.50335809594353	18.60100222697247	18.60100222697247	-609.02247872997	-5.2845631579765	64.72144762438644	0.0	0.0	0.0	0.0	0.0	-48.17221106480213	-64.72144762438644	-64.72144762438644	422.9862183319975	422.9862183319975	633.1251057265367	334.4034730319814	-57.1264883909416	70.1135886530939	57.1264883909416	-229.3501628401248	609.02247872997	361.46394729839716	361.46394729839716	-771.2794430980782	39.50335809594353	39.50335809594353	-18.60100222697247	-18.60100222697247	609.02247872997	5.2845631579765	-64.72144762438644	0.0	0.0	0.0	0.0	0.0
117.Avocado	-4959.501729336358	1828.0900511708971	-4959.501729336358	-4959.501729336358	-36.8992594136539	-36.8992594136539	-36.8992594136539	409.1640022766386	409.1640022766386	54.18352352593645	-23.190670119576083	-23.190670119576083	-130.12169367135118	-130.12169367135118	-130.12169367135118	-130.12169367135118	409.1640022766386	-23.190670119576083	409.1640022766386	409.1640022766386	141.3769086327729	-409.1640022766386	409.1640022766386	409.1640022766386	539.9826591800531	-510.43103989759396	710.2461947012498	-57.957002906641506	112.21373027207835	112.21373027207835	-434.59134644108826	-57.957002906641506	409.1640022766386	107.86175280694853	-3.6361146125468338	-109.69785653620585	113.87611226921197	-109.69785653620585	76.8789486714255	2975.956890560146	2975.956890560146	1157.917073432412	1157.917073432412	1948.5576133310528	1948.5576133310528	-38.48055648924057	710.2461947012498	-38.48055648924057	4.058683073018906	103.80306973392963	166.1030239621117	409.1640022766386	76.8789486714255	-76.8789486714255	237.73609173055098	-140.5299807342919	140.5299807342919	409.1640022766386	112.21373027207835	-19888.990261954423	-48.95295801444898	76.27121531284735	76.27121531284735	667.6745675889438	667.6745675889438	510.43103989759396	619.8883023962471	66.68571505169375	-21.418236525939435	-66.68571505169375	-76.8789486714255	671.7656382120092	536.7363380255421	536.7363380255421	-501.571543626832	30.519263417301588	30.519263417301588	92.20743571670259	92.20743571670259	671.7656382120092	4.058683073018906	76.27121531284735	0.0	0.0	0.0	0.0	0.0	48.95295801444898	-76.27121531284735	-76.27121531284735	-667.6745675889438	-667.6745675889438	-510.43103989759396	-619.8883023962471	-66.68571505169375	21.418236525939435	66.68571505169375	76.8789486714255	-671.7656382120092	-536.7363380255421	-536.7363380255421	501.571543626832	-30.519263417301588	-30.519263417301588	-92.20743571670259	-92.20743571670259	-671.7656382120092	-4.058683073018906	-76.27121531284735	0.0	0.0	0.0	0.0	0.0
118.Avocado	3965.2479696190076	535.882084450679	3965.2479696190076	3965.2479696190076	-0.9443079877576253	-0.9443079877576253	-0.9443079877576253	-350.4375369546087	-350.4375369546087	78.13747470692196	-50.857798659053316	-50.857798659053316	-70.02918433433314	-70.02918433433314	-70.02918433433314	-70.02918433433314	-350.4375369546087	-50.857798659053316	-350.4375369546087	-350.4375369546087	112.57057045007035	350.4375369546087	-350.4375369546087	-350.4375369546087	-240.8461521453204	127.76379939044472	-418.2107537922402	102.3777560160353	76.98460071908488	76.98460071908488	228.3104758442094	102.3777560160353	-350.4375369546087	-71.48630915763073	-7.359409285433657	-67.73628199368412	57.121810553181945	-67.73628199368412	151.1889271921137	-222.06707991345132	-222.06707991345132	-242.91475779152432	-242.91475779152432	-190.46315028244157	-190.46315028244157	194.59229645921948	-418.2107537922402	194.59229645921948	10.056681638001166	-81.5429907956319	112.55177830683935	-350.4375369546087	151.1889271921137	-151.1889271921137	36.527034643488804	-83.37319469574449	83.37319469574449	-350.4375369546087	76.98460071908488	-8195.362866942776	96.928011445683	-0.9572903971970923	-0.9572903971970923	-12.975757981523714	-12.975757981523714	-127.76379939044472	-226.07034784666178	36.66178597603462	4.436300606110564	-36.66178597603462	-151.1889271921137	-223.61845733302073	-101.89598971230866	-101.89598971230866	125.52753628836307	-12.649349093526615	-12.649349093526615	27.571431917654877	27.571431917654877	-223.61845733302073	10.056681638001166	-0.9572903971970923	0.0	0.0	0.0	0.0	0.0	-96.928011445683	0.9572903971970923	0.9572903971970923	12.975757981523714	12.975757981523714	127.76379939044472	226.07034784666178	-36.66178597603462	-4.436300606110564	36.66178597603462	151.1889271921137	223.61845733302073	101.89598971230866	101.89598971230866	-125.52753628836307	12.649349093526615	12.649349093526615	-27.571431917654877	-27.571431917654877	223.61845733302073	-10.056681638001166	0.9572903971970923	0.0	0.0	0.0	0.0	0.0
119.Avocado	-2234.811324876926	-83.33551755207179	-2234.811324876926	-2234.811324876926	92.04924627639703	92.04924627639703	92.04924627639703	-968.402283666494	-968.402283666494	-254.44190425299098	-234.46515790327487	-234.46515790327487	193.8929862297912	193.8929862297912	193.8929862297912	193.8929862297912	-968.402283666494	-234.46515790327487	-968.402283666494	-968.402283666494	565.8067212061599	968.402283666494	-968.402283666494	-968.402283666494	-387.74436781470627	1676.9958805869082	-1443.1968614159075	-113.91318575287565	-244.97816305877632	-244.97816305877632	1568.7316049762533	-113.91318575287565	-968.402283666494	154.45383057195485	-326.44530402875284	-535.4908512303325	529.2860354244722	-535.4908512303325	67.55137401403167	-1564.5029175410168	-1564.5029175410168	-1598.2543980052328	-1598.2543980052328	-1414.3763388957195	-1414.3763388957195	-148.5231729855527	-1443.1968614159075	-148.5231729855527	14.789119015164111	139.66471155679073	519.2195468081701	-968.402283666494	67.55137401403167	-67.55137401403167	182.2927160801165	-22.36656719590947	22.36656719590947	-968.402283666494	-244.97816305877632	4056.563308116858	-30.41515993238137	61.259792735329704	61.259792735329704	-1098.7159164189384	-1098.7159164189384	-1676.9958805869082	-1566.954083709388	-336.8744659559794	381.04239213598123	336.8744659559794	-67.55137401403167	-1591.7200344014602	-1658.3798974497017	-1658.3798974497017	1617.9354632271084	-83.40286743662942	-83.40286743662942	-240.1084928998687	-240.1084928998687	-1591.7200344014602	14.789119015164111	61.259792735329704	0.0	0.0	0.0	0.0	0.0	30.41515993238137	-61.259792735329704	-61.259792735329704	1098.7159164189384	1098.7159164189384	1676.9958805869082	1566.954083709388	336.8744659559794	-381.0423921359812	-336.8744659559794	67.55137401403167	1591.7200344014602	1658.3798974497017	1658.3798974497017	-1617.9354632271084	83.40286743662942	83.40286743662942	240.1084928998687	240.1084928998687	1591.7200344014602	-14.789119015164111	-61.259792735329704	0.0	0.0	0.0	0.0	0.0
123.NoAvocado	-2773.749825373956	1274.9704648223264	-2773.749825373956	-2773.749825373956	34.800986353022736	34.800986353022736	34.800986353022736	-398.2213637696841	-398.2213637696841	-58.9205742272828	-57.50375300815434	-57.50375300815434	72.57940150110346	72.57940150110346	72.57940150110346	72.57940150110346	-398.2213637696841	-57.50375300815434	-398.2213637696841	-398.2213637696841	74.70349520340861	398.2213637696841	-398.2213637696841	-398.2213637696841	-303.0263458121766	453.5655097927595	-882.3934585452171	-29.933248374241067	-55.078321913701615	-55.078321913701615	479.89792474981425	-29.933248374241067	-398.2213637696841	-228.69632136185243	28.583092339264454	1956.2216904079926	-1959.0327102881038	1956.2216904079926	-1588.7949633077199	-807.1192543672815	-807.1192543672815	-748.7579643990277	-748.7579643990277	-1031.7391645509351	-1031.7391645509351	89.93648818739882	-882.3934585452171	89.93648818739882	-4.112255084363657	-224.58406627748877	-42.19289326400872	-398.2213637696841	-1588.7949633077199	1588.7949633077199	-241.62150295493382	9.870557849830462	-9.870557849830462	-398.2213637696841	-55.078321913701615	-761.4679929744698	-3.973345007932803	-34.240493115633356	-34.240493115633356	-358.1015957339324	-358.1015957339324	-453.5655097927595	-423.8519629765303	161.77440694117607	-418.24911294396156	-161.77440694117607	1588.7949633077199	-792.4569703578181	-454.5978488956924	-454.5978488956924	315.9087024699237	-17.120483479035038	-17.120483479035038	6.387432433686961	6.387432433686961	-792.4569703578181	-4.112255084363657	-34.240493115633356	0.0	0.0	0.0	0.0	0.0	3.973345007932803	34.240493115633356	34.240493115633356	358.1015957339324	358.1015957339324	453.5655097927595	423.8519629765303	-161.77440694117607	418.24911294396156	161.77440694117607	-1588.7949633077199	792.4569703578181	454.5978488956924	454.5978488956924	-315.9087024699237	17.120483479035038	17.120483479035038	-6.387432433686961	-6.387432433686961	792.4569703578181	4.112255084363657	34.240493115633356	0.0	0.0	0.0	0.0	0.0
125.Avocado	-21.652887591855034	149.09214991097735	-21.652887591855034	-21.652887591855034	14.723612117878597	14.723612117878597	14.723612117878597	-295.2462645926438	-295.2462645926438	106.95431067960425	10.95312854896224	10.95312854896224	-109.77955459627067	-109.77955459627067	-109.77955459627067	-109.77955459627067	-295.2462645926438	10.95312854896224	-295.2462645926438	-295.2462645926438	152.47434424493667	295.2462645926438	-295.2462645926438	-295.2462645926438	-194.1352124048513	120.79145000813384	-213.5107924367567	-43.91461764705691	-11.109967051664281	-11.109967051664281	135.91994027414472	-43.91461764705691	-295.2462645926438	-42.75818987959362	-22.047155321051044	-45.767639811499436	43.675866214545664	-45.767639811499436	80.22046562111805	-271.48069998711264	-271.48069998711264	-210.26296084228167	-210.26296084228167	-341.2930229049243	-341.2930229049243	31.005453252514684	-213.5107924367567	31.005453252514684	1.0567892803040202	-43.81497915989764	102.2654265285365	-295.2462645926438	80.22046562111805	-80.22046562111805	33.69917081385625	-80.40232180897195	80.40232180897195	-295.2462645926438	-11.109967051664281	13337.345412786644	93.04335015986716	-4.024641950764669	-4.024641950764669	15.833667494056769	15.833667494056769	-120.79145000813384	-44.1655306766565	-1.7482872830834637	-81.5298182231592	1.7482872830834637	-80.22046562111805	-182.50533918424202	-82.12882181647792	-82.12882181647792	86.43175903447973	-68.17867777197657	-68.17867777197657	-58.27625730700362	-58.27625730700362	-182.50533918424202	1.0567892803040202	-4.024641950764669	0.0	0.0	0.0	0.0	0.0	-93.04335015986716	4.024641950764669	4.024641950764669	-15.833667494056769	-15.833667494056769	120.79145000813384	44.1655306766565	1.7482872830834637	81.5298182231592	-1.7482872830834637	80.22046562111805	182.50533918424202	82.12882181647792	82.12882181647792	-86.43175903447973	68.17867777197657	68.17867777197657	58.27625730700362	58.27625730700362	182.50533918424202	-1.0567892803040202	4.024641950764669	0.0	0.0	0.0	0.0	0.0
129.Avocado	9395.579476001627	-294.8062479589401	9395.579476001627	9395.579476001627	12.24172503905032	12.24172503905032	12.24172503905032	-1419.3873832003324	-1419.3873832003324	-55.294535029662484	-203.9862145874021	-203.9862145874021	-38.88471763896287	-38.88471763896287	-38.88471763896287	-38.88471763896287	-1419.3873832003324	-203.9862145874021	-1419.3873832003324	-1419.3873832003324	-426.3883148650187	1419.3873832003324	-1419.3873832003324	-1419.3873832003324	-1846.8530669999182	1378.291785666316	-1747.5338640945974	-44.542242918153896	-38.20963718992579	-38.20963718992579	1427.6175908199734	-44.542242918153896	-1419.3873832003324	-122.47443129882802	5.2872974069535985	567.2247928533834	-567.5293375472952	567.2247928533834	-362.6695231524912	-1520.978114498154	-1520.978114498154	-1653.6232037984823	-1653.6232037984823	-1634.1931408419732	-1634.1931408419732	41.86459056660175	-1747.5338640945974	41.86459056660175	-11.460817967847959	-111.01361333098006	-420.255224864017	-1419.3873832003324	-362.6695231524912	362.6695231524912	-139.06799356291612	16.98104598798281	-16.98104598798281	-1419.3873832003324	-38.20963718992579	-7611.206950883124	111.56101838763666	86.9348140998886	86.9348140998886	-1795.9480962348684	-1795.9480962348684	-1378.291785666316	-1337.0313986323295	69.72697272854465	-233.07463778859528	-69.72697272854465	362.6695231524912	-1705.6692735279958	-1379.6386857092189	-1379.6386857092189	1375.6928713708514	-13.62363866752915	-13.62363866752915	2.5942483487275	2.5942483487275	-1705.6692735279958	-11.460817967847959	86.9348140998886	0.0	0.0	0.0	0.0	0.0	-111.56101838763666	-86.9348140998886	-86.9348140998886	1795.9480962348684	1795.9480962348684	1378.291785666316	1337.0313986323295	-69.72697272854465	233.07463778859528	69.72697272854465	-362.6695231524912	1705.6692735279958	1379.6386857092189	1379.6386857092189	-1375.6928713708514	13.62363866752915	13.62363866752915	-2.5942483487275	-2.5942483487275	1705.6692735279958	11.460817967847959	-86.9348140998886	0.0	0.0	0.0	0.0	0.0
131.NoAvocado	4577.675622758826	733.441441470287	4577.675622758826	4577.675622758826	-60.606051232900015	-60.606051232900015	-60.606051232900015	-1205.2112826929383	-1205.2112826929383	83.24744702828642	27.389572351801846	27.389572351801846	-84.75100684791879	-84.75100684791879	-84.75100684791879	-84.75100684791879	-1205.2112826929383	27.389572351801846	-1205.2112826929383	-1205.2112826929383	127.09421035894509	1205.2112826929383	-1205.2112826929383	-1205.2112826929383	-1086.0426687072563	-133.09022463870846	-62.735328227287596	13.919329172598122	749.3555900885749	749.3555900885749	15.889653480299302	13.919329172598122	-1205.2112826929383	-122.69486512623001	82.51542960825995	741.0813305909759	-738.084947206765	741.0813305909759	-553.1415726648224	15.598045596897549	15.598045596897549	19.089600403043363	19.089600403043363	-29.36638396219456	-29.36638396219456	118.886518343464	-62.735328227287596	118.886518343464	8.644668355100276	-131.33953348133028	104.82627619414427	-1205.2112826929383	-553.1415726648224	553.1415726648224	-53.698024052424756	-45.353066951277555	45.353066951277555	-1205.2112826929383	749.3555900885749	339.60035959289735	24.192768274444653	4.927451652043367	4.927451652043367	282.8629453015491	282.8629453015491	133.09022463870846	168.83349585017797	91.06954144872313	-214.64317165017076	-91.06954144872313	553.1415726648224	56.15119011617641	169.3426162867565	169.3426162867565	-178.03666910740483	55.67683824384777	55.67683824384777	764.9846714165395	764.9846714165395	56.15119011617641	8.644668355100276	4.927451652043367	0.0	0.0	0.0	0.0	0.0	-24.192768274444653	-4.927451652043367	-4.927451652043367	-282.8629453015491	-282.8629453015491	-133.09022463870846	-168.83349585017797	-91.06954144872313	214.64317165017079	91.06954144872313	-553.1415726648224	-56.15119011617641	-169.3426162867565	-169.3426162867565	178.03666910740483	-55.67683824384777	-55.67683824384777	-764.9846714165395	-764.9846714165395	-56.15119011617641	-8.644668355100276	-4.927451652043367	0.0	0.0	0.0	0.0	0.0
132.NoAvocado	8152.929254282252	1650.3607991996698	8152.929254282252	8152.929254282252	13.570010133623988	13.570010133623988	13.570010133623988	-912.6327478116332	-912.6327478116332	99.43587035300922	-70.80317493048305	-70.80317493048305	-103.16187905762666	-103.16187905762666	-103.16187905762666	-103.16187905762666	-912.6327478116332	-70.80317493048305	-912.6327478116332	-912.6327478116332	-368.5169568235818	912.6327478116332	-912.6327478116332	-912.6327478116332	-1282.788108016532	425.6958061499889	-985.3212441622047	-35.16159294190465	-75.8422363019769	-75.8422363019769	-11.135315200431052	-35.16159294190465	-912.6327478116332	-459.8188006972724	94.33161596509706	521.0384707950417	-518.541883966852	521.0384707950417	40.78461118582842	-842.6816417578461	-842.6816417578461	-822.86723687929	-822.86723687929	-980.8652433814378	-980.8652433814378	299.6713533528481	-985.3212441622047	299.6713533528481	-13.547561793121684	-446.2712389041507	-378.5310719945367	-912.6327478116332	40.78461118582842	-40.78461118582842	-328.3772789903537	-89.46018495712258	89.46018495712258	-912.6327478116332	-75.8422363019769	-6214.219701396867	151.6595545273991	-8.532015455360202	-8.532015455360202	-415.2430342616878	-415.2430342616878	-425.6958061499889	-19.233916097747052	89.96347687453783	-595.3583011911372	-89.96347687453783	-40.78461118582842	-685.6498908093566	-61.13182267810047	-61.13182267810047	36.711962267151094	-12.711826686751213	-12.711826686751213	32.24120545773674	32.24120545773674	-685.6498908093566	-13.547561793121684	-8.532015455360202	0.0	0.0	0.0	0.0	0.0	-151.6595545273991	8.532015455360202	8.532015455360202	415.2430342616878	415.2430342616878	425.6958061499889	19.233916097747052	-89.96347687453783	595.3583011911372	89.96347687453783	40.78461118582842	685.6498908093566	61.13182267810047	61.13182267810047	-36.711962267151094	12.711826686751213	12.711826686751213	-32.24120545773674	-32.24120545773674	685.6498908093566	13.547561793121684	8.532015455360202	0.0	0.0	0.0	0.0	0.0
133.NoAvocado	-175.38891226805112	107.94254635663833	-175.38891226805112	-175.38891226805112	-3.997068986301712	-3.997068986301712	-3.997068986301712	-644.948674215874	-644.948674215874	-0.0625630198843643	4.662031430250337	4.662031430250337	10.82002388719853	10.82002388719853	10.82002388719853	10.82002388719853	-644.948674215874	4.662031430250337	-644.948674215874	-644.948674215874	182.26700002877354	644.948674215874	-644.948674215874	-644.948674215874	-455.5436317623928	374.70135287921744	-501.35434938939176	8.4309022517712	-28.30852406252131	-28.30852406252131	358.75023275098005	8.4309022517712	-644.948674215874	-45.33819789210851	31.12873922403314	200.09378824673223	-199.51296289245101	200.09378824673223	-113.0057555219765	-582.195671475874	-582.195671475874	-545.9905614218164	-545.9905614218164	-631.6877358883237	-631.6877358883237	-14.867501912872768	-501.35434938939176	-14.867501912872768	1.5831329925047166	-46.921330884613226	202.3333561345196	-644.948674215874	-113.0057555219765	113.0057555219765	32.77160411320956	-86.62334153734261	86.62334153734261	-644.948674215874	-28.30852406252131	76398.8539129284	6.501239709144102	-12.606281360656457	-12.606281360656457	-177.84887846239283	-177.84887846239283	-374.70135287921744	-371.17509039782897	42.14971027278892	-83.9986564608138	-42.14971027278892	113.0057555219765	-516.2218513022646	-366.25161327765045	-366.25161327765045	380.1822345969124	11.715936765290497	11.715936765290497	-1.1370335355222885	-1.1370335355222885	-516.2218513022646	1.5831329925047166	-12.606281360656457	0.0	0.0	0.0	0.0	0.0	-6.501239709144102	12.606281360656457	12.606281360656457	177.84887846239283	177.84887846239283	374.70135287921744	371.17509039782897	-42.14971027278892	83.9986564608138	42.14971027278892	-113.0057555219765	516.2218513022646	366.25161327765045	366.25161327765045	-380.1822345969124	-11.715936765290497	-11.715936765290497	1.1370335355222885	1.1370335355222885	516.2218513022646	-1.5831329925047166	12.606281360656457	0.0	0.0	0.0	0.0	0.0
134.Avocado	15755.514692750532	1790.790922277806	15755.514692750532	15755.514692750532	13.80612669777074	13.80612669777074	13.80612669777074	-188.34592135092643	-188.34592135092643	134.56590069382224	-90.21340524242939	-90.21340524242939	-155.68690281670456	-155.68690281670456	-155.68690281670456	-155.68690281670456	-188.34592135092643	-90.21340524242939	-188.34592135092643	-188.34592135092643	144.977275732027	188.34592135092643	-188.34592135092643	-188.34592135092643	-51.296986806814346	-570.1219038067223	131.13597108102124	-0.21291101644291244	-4373.717031439496	-4373.717031439496	85.61222191145762	-0.21291101644291244	-188.34592135092643	-35.44234411373951	56.17784190865229	-342.4937361185233	352.4766751008294	-342.4937361185233	382.7389877384307	659.0666663463464	659.0666663463464	251.18929023856404	251.18929023856404	304.4454105564641	304.4454105564641	23.51607410890111	131.13597108102124	23.51607410890111	24.636265172324993	-60.078609286064506	41.09767353128093	-188.34592135092643	382.7389877384307	-382.7389877384307	101.10442298546474	-102.37243433857897	102.37243433857897	-188.34592135092643	-4373.717031439496	653.9048989666917	94.50352999269512	-3.849424669041159	-3.849424669041159	318.6371765968673	318.6371765968673	570.1219038067223	179.00985258411154	67.07649538797503	-108.59537718414342	-67.07649538797503	-382.7389877384307	154.65204518992238	196.241568242774	196.241568242774	-277.53950306558636	-11.75152890337949	-11.75152890337949	-4398.617062742687	-4398.617062742687	154.65204518992238	24.636265172324993	-3.849424669041159	0.0	0.0	0.0	0.0	0.0	-94.50352999269512	3.849424669041159	3.849424669041159	-318.6371765968673	-318.6371765968673	-570.1219038067223	-179.00985258411154	-67.07649538797503	108.59537718414342	67.07649538797503	382.7389877384307	-154.65204518992238	-196.241568242774	-196.241568242774	277.53950306558636	11.75152890337949	11.75152890337949	4398.617062742687	4398.617062742687	-154.65204518992238	-24.636265172324993	3.849424669041159	0.0	0.0	0.0	0.0	0.0
138.Avocado	15367.624383847286	-1496.4023267447928	15367.624383847286	15367.624383847286	81.49456638297252	81.49456638297252	81.49456638297252	-1456.3191266042484	-1456.3191266042484	-168.47568712217966	-189.37481306727398	-189.37481306727398	7.883053844872251	7.883053844872251	7.883053844872251	7.883053844872251	-1456.3191266042484	-189.37481306727398	-1456.3191266042484	-1456.3191266042484	410.9870864128967	1456.3191266042484	-1456.3191266042484	-1456.3191266042484	-1057.2266085914814	1408.4002364036596	-1774.8500234068852	-148.11142977849622	-11.23266388769089	-11.23266388769089	1373.103924176747	-148.11142977849622	-1456.3191266042484	-111.15475432645175	138.122623468166	298.1790730120043	-293.618790331922	298.1790730120043	-152.01713081154907	-1536.5368731314204	-1536.5368731314204	-1668.209785880273	-1668.209785880273	-1744.7087095987495	-1744.7087095987495	135.78073733063252	-1774.8500234068852	135.78073733063252	22.228804424009834	-133.3835587504616	385.55336317101205	-1456.3191266042484	-152.01713081154907	152.01713081154907	-147.04375064124673	29.433157761389637	-29.433157761389637	-1456.3191266042484	-11.23266388769089	1200.2204615606242	-21.756213052470713	142.2956545605036	142.2956545605036	-954.9724824698471	-954.9724824698471	-1408.4002364036596	-1208.8068696453151	12.754857874841974	-258.22213388651693	-12.754857874841974	152.01713081154907	-1639.0692860762529	-1336.3964787386867	-1336.3964787386867	1340.5258456408592	-88.82885210301987	-88.82885210301987	50.265527541067485	50.265527541067485	-1639.0692860762529	22.228804424009834	142.2956545605036	0.0	0.0	0.0	0.0	0.0	21.756213052470713	-142.2956545605036	-142.2956545605036	954.9724824698471	954.9724824698471	1408.4002364036596	1208.8068696453151	-12.754857874841974	258.222133886517	12.754857874841974	-152.01713081154907	1639.0692860762529	1336.3964787386867	1336.3964787386867	-1340.5258456408592	88.82885210301987	88.82885210301987	-50.265527541067485	-50.265527541067485	1639.0692860762529	-22.228804424009834	-142.2956545605036	0.0	0.0	0.0	0.0	0.0
149.Avocado	-1731.067340536139	57.931451164902086	-1731.067340536139	-1731.067340536139	8.238310169017122	8.238310169017122	8.238310169017122	23.208310609345972	23.208310609345972	-32.92152175312924	-51.92729208030478	-51.92729208030478	-4.78934351034864	-4.78934351034864	-4.78934351034864	-4.78934351034864	23.208310609345972	-51.92729208030478	23.208310609345972	23.208310609345972	-160.52388151873234	-23.208310609345972	23.208310609345972	23.208310609345972	-135.51026221952026	26.664993446901494	-65.89590763727145	-6.094765840648054	-22.093584319486492	-22.093584319486492	30.00980208604606	-6.094765840648054	23.208310609345972	-66.36366633786392	52.07287296115376	664.7616340898942	-665.2933221883934	664.7616340898942	-525.2048283813107	-140.9785054311086	-140.9785054311086	-128.7171040988471	-128.7171040988471	-270.2861931286634	-270.2861931286634	-58.858883262451286	-65.89590763727145	-58.858883262451286	-7.162720173755633	-59.20094616410828	-160.71370365070962	23.208310609345972	-525.2048283813107	525.2048283813107	-45.649943176580564	-10.578269182175262	10.578269182175262	23.208310609345972	-22.093584319486492	1616.2912019760752	18.841090804496652	38.00170479747854	38.00170479747854	-176.59488751357924	-176.59488751357924	-26.664993446901494	-7.5898021704422	67.86483936041483	-144.36579327669156	-67.86483936041483	525.2048283813107	-124.75479089972274	-24.50734675996943	-24.50734675996943	15.881183862869607	-6.964689577650229	-6.964689577650229	-1.03473919736891	-1.03473919736891	-124.75479089972274	-7.162720173755633	38.00170479747854	0.0	0.0	0.0	0.0	0.0	-18.841090804496652	-38.00170479747854	-38.00170479747854	176.59488751357924	176.59488751357924	26.664993446901494	7.5898021704422	-67.86483936041483	144.36579327669156	67.86483936041483	-525.2048283813107	124.75479089972274	24.50734675996943	24.50734675996943	-15.881183862869607	6.964689577650229	6.964689577650229	1.03473919736891	1.03473919736891	124.75479089972274	7.162720173755633	-38.00170479747854	0.0	0.0	0.0	0.0	0.0
152.NoAvocado	-601.0209339073288	469.8614380229436	-601.0209339073288	-601.0209339073288	-17.108468600017975	-17.108468600017975	-17.108468600017975	-173.092177036738	-173.092177036738	-146.89250949623974	-188.74253421299417	-188.74253421299417	67.8893439060299	67.8893439060299	67.8893439060299	67.8893439060299	-173.092177036738	-188.74253421299417	-173.092177036738	-173.092177036738	-111.83337895645595	173.092177036738	-173.092177036738	-173.092177036738	-280.55280036305834	93.59771226844846	-98.2643452007445	-101.39784896334352	65.21477109979992	65.21477109979992	152.4895379172434	-101.39784896334352	-173.092177036738	34.1352857602578	31.292308428101848	35.99241546039207	-34.25755046670656	35.99241546039207	0.923675506690472	-55.272048156544926	-55.272048156544926	-52.000107385506446	-52.000107385506446	-9.013311033422141	-9.013311033422141	-102.29232379975717	-98.2643452007445	-102.29232379975717	14.434050327063815	19.70123543319399	-1287.5453439080202	-173.092177036738	0.923675506690472	-0.923675506690472	34.63595172200526	31.24476485377921	-31.24476485377921	-173.092177036738	65.21477109979992	-15022.333519512098	-44.80290435945839	56.57060492543885	56.57060492543885	-201.83704754334	-201.83704754334	-93.59771226844846	3.9378202034436782	73.91716135251144	-140.97708618230126	-73.91716135251144	-0.923675506690472	-200.55666900050167	-81.67723888364137	-81.67723888364137	-1085.7082963646803	23.21608922383911	23.21608922383911	31.528853313828012	31.528853313828012	-200.55666900050167	14.434050327063815	56.57060492543885	0.0	0.0	0.0	0.0	0.0	44.80290435945839	-56.57060492543885	-56.57060492543885	201.83704754334	201.83704754334	93.59771226844846	-3.9378202034436782	-73.91716135251144	140.97708618230126	73.91716135251144	0.923675506690472	200.55666900050167	81.67723888364137	81.67723888364137	1085.7082963646803	-23.21608922383911	-23.21608922383911	-31.528853313828012	-31.528853313828012	200.55666900050167	-14.434050327063815	-56.57060492543885	0.0	0.0	0.0	0.0	0.0
155.Avocado	2803.406408908201	-1073.57090083985	2803.406408908201	2803.406408908201	-2.26201299800994	-2.26201299800994	-2.26201299800994	438.54719668909104	438.54719668909104	68.43551871866649	39.16820201618039	39.16820201618039	-101.67589725747942	-101.67589725747942	-101.67589725747942	-101.67589725747942	438.54719668909104	39.16820201618039	438.54719668909104	438.54719668909104	-283.3838421653671	-438.54719668909104	438.54719668909104	438.54719668909104	100.08289711239979	-893.8133232654463	904.4397385775727	16.570202181216782	163.64282644172644	163.64282644172644	-867.0274905843919	16.570202181216782	438.54719668909104	-37.65175681086992	124.61353506155504	-707.8090848955154	720.4908070346431	-707.8090848955154	879.3252828229669	720.6485062318679	720.6485062318679	784.6052718875567	784.6052718875567	691.1337703842623	691.1337703842623	-120.60736342202895	904.4397385775727	-120.60736342202895	2.766914643727201	-40.41867145459712	-315.9470225257807	438.54719668909104	879.3252828229669	-879.3252828229669	105.78621074235755	-143.17045504341291	143.17045504341291	438.54719668909104	163.64282644172644	12069.436289437392	62.81576917704493	6.973506663424042	6.973506663424042	616.8133931435638	616.8133931435638	893.8133232654463	920.5054968015788	150.44627548756006	-180.97922923417286	-150.44627548756006	-879.3252828229669	783.8323751555438	945.3628852248545	945.3628852248545	-932.7604156693444	-40.136722274186475	-40.136722274186475	58.592610598704916	58.592610598704916	783.8323751555438	2.766914643727201	6.973506663424042	0.0	0.0	0.0	0.0	0.0	-62.81576917704493	-6.973506663424042	-6.973506663424042	-616.8133931435638	-616.8133931435638	-893.8133232654463	-920.5054968015788	-150.44627548756006	180.97922923417286	150.44627548756006	879.3252828229669	-783.8323751555438	-945.3628852248545	-945.3628852248545	932.7604156693444	40.136722274186475	40.136722274186475	-58.592610598704916	-58.592610598704916	-783.8323751555438	-2.766914643727201	-6.973506663424042	0.0	0.0	0.0	0.0	0.0
160.NoAvocado	17610.00338742658	5696.2681888873585	17610.00338742658	17610.00338742658	26.607200629757962	26.607200629757962	26.607200629757962	-8469.436457415988	-8469.436457415988	651.033810742364	120.33576390358587	120.33576390358587	-708.2165621412181	-708.2165621412181	-708.2165621412181	-708.2165621412181	-8469.436457415988	120.33576390358587	-8469.436457415988	-8469.436457415988	50.42076458602405	8469.436457415988	-8469.436457415988	-8469.436457415988	-8450.415795665249	776.8985800661811	-2219.976486057578	128.12000312536927	-513.3147080642253	-513.3147080642253	663.4622432570837	128.12000312536927	-8469.436457415988	-784.968167039781	908.1191348325691	1499.50460332196	-1435.6599775268996	1499.50460332196	271.5610971803465	-2671.7613892893705	-2671.7613892893705	-2534.590405245622	-2534.590405245622	-5927.50220440478	-5927.50220440478	289.49294797823495	-2219.976486057578	289.49294797823495	80.48926434636483	-865.4574313861458	16.75644900361317	-8469.436457415988	271.5610971803465	-271.5610971803465	415.83460006446387	-1021.4277588179893	1021.4277588179893	-8469.436457415988	-513.3147080642253	-16452.76875719482	275.8702275384195	117.97605918558929	117.97605918558929	-696.0216058859345	-696.0216058859345	-776.8985800661811	-716.9692367306473	924.7641440906217	-1771.8806048417548	-924.7641440906217	-271.5610971803465	-1930.483538079343	-698.397629085369	-698.397629085369	712.7780548895477	5.837322330017358	5.837322330017358	284.8887362723198	284.8887362723198	-1930.483538079343	80.48926434636483	117.97605918558929	0.0	0.0	0.0	0.0	0.0	-275.8702275384195	-117.97605918558929	-117.97605918558929	696.0216058859345	696.0216058859345	776.8985800661811	716.9692367306473	-924.7641440906217	1771.8806048417548	924.7641440906217	271.5610971803465	1930.483538079343	698.397629085369	698.397629085369	-712.7780548895477	-5.837322330017358	-5.837322330017358	-284.8887362723198	-284.8887362723198	1930.483538079343	-80.48926434636483	-117.97605918558929	0.0	0.0	0.0	0.0	0.0
161.Avocado	6288.459720326971	649.0212880198421	6288.459720326971	6288.459720326971	-77.5222603075015	-77.5222603075015	-77.5222603075015	-734.529448153151	-734.529448153151	104.43652124466907	47.257390977423555	47.257390977423555	-88.82524955553737	-88.82524955553737	-88.82524955553737	-88.82524955553737	-734.529448153151	47.257390977423555	-734.529448153151	-734.529448153151	-15.454387617872072	734.529448153151	-734.529448153151	-734.529448153151	-811.872191955209	-1289.9874172602754	545.1279615323483	20.26645659215432	365.7547939748697	365.7547939748697	-960.0911269176428	20.26645659215432	-734.529448153151	-192.57704066124063	573.3582523031195	-26.239852274588657	33.29189021337913	-26.239852274588657	808.3534877821165	629.3057596433539	629.3057596433539	754.7829976087722	754.7829976087722	810.5855054096527	810.5855054096527	250.35741591686087	545.1279615323483	250.35741591686087	14.024624032332708	-206.60166469357335	-51.75141352157546	-734.529448153151	808.3534877821165	-808.3534877821165	-74.00623257181192	-125.65058831146281	125.65058831146281	-734.529448153151	365.7547939748697	648.6795099155206	74.0422123288634	-25.395250414293713	-25.395250414293713	1274.114413007716	1274.114413007716	1289.9874172602754	1348.7956298585273	626.0770148290628	-815.55674072933	-626.0770148290628	-808.3534877821165	795.4853774492092	1358.4297429033163	1358.4297429033163	-1325.8658265292916	22.68594206210605	22.68594206210605	246.3376983816713	246.3376983816713	795.4853774492092	14.024624032332708	-25.395250414293713	0.0	0.0	0.0	0.0	0.0	-74.0422123288634	25.395250414293713	25.395250414293713	-1274.114413007716	-1274.114413007716	-1289.9874172602754	-1348.7956298585273	-626.0770148290628	815.55674072933	626.0770148290628	808.3534877821165	-795.4853774492092	-1358.4297429033163	-1358.4297429033163	1325.8658265292916	-22.68594206210605	-22.68594206210605	-246.3376983816713	-246.3376983816713	-795.4853774492092	-14.024624032332708	25.395250414293713	0.0	0.0	0.0	0.0	0.0
162.Avocado	43228.09451023575	-974.6598355967628	43228.09451023575	43228.09451023575	4.82412168636648	4.82412168636648	4.82412168636648	-1002.505968164462	-1002.505968164462	91.23818360953194	-91.89833495453118	-91.89833495453118	-133.88767228320484	-133.88767228320484	-133.88767228320484	-133.88767228320484	-1002.505968164462	-91.89833495453118	-1002.505968164462	-1002.505968164462	98.09030563524924	1002.505968164462	-1002.505968164462	-1002.505968164462	-931.7957935873719	456.8650070647202	-803.8630784985312	14.429272983998816	-53.30044559764863	-53.30044559764863	504.13391800943015	14.429272983998816	-1002.505968164462	-270.97099319701675	28.30426990167109	39.77872250355824	-24.958958709199237	39.77872250355824	406.5360759431785	-764.6124703830319	-764.6124703830319	-995.5015118469048	-995.5015118469048	-869.4268451697795	-869.4268451697795	212.07215367046004	-803.8630784985312	212.07215367046004	13.201524425742022	-284.1725176227588	157.77543143031548	-1002.505968164462	406.5360759431785	-406.5360759431785	-151.3735119726342	-32.079670790627915	32.079670790627915	-1002.505968164462	-53.30044559764863	8617.531415093112	163.036996842622	13.378293629549251	13.378293629549251	-305.6008024152836	-305.6008024152836	-456.8650070647202	-372.7062617221918	285.8448558865074	-570.4292933615319	-285.8448558865074	-406.5360759431785	-591.7909248280712	-377.92921636099084	-377.92921636099084	463.37623384559913	-17.3844889501665	-17.3844889501665	-57.40997176328251	-57.40997176328251	-591.7909248280712	13.201524425742022	13.378293629549251	0.0	0.0	0.0	0.0	0.0	-163.036996842622	-13.378293629549251	-13.378293629549251	305.6008024152836	305.6008024152836	456.8650070647202	372.7062617221918	-285.8448558865074	570.4292933615319	285.8448558865074	406.5360759431785	591.7909248280712	377.92921636099084	377.92921636099084	-463.37623384559913	17.3844889501665	17.3844889501665	57.40997176328251	57.40997176328251	591.7909248280712	-13.201524425742022	-13.378293629549251	0.0	0.0	0.0	0.0	0.0
166.NoAvocado	1921.4582620527258	158.29769212163023	1921.4582620527258	1921.4582620527258	-17.729164962055247	-17.729164962055247	-17.729164962055247	-482.6969843062758	-482.6969843062758	-32.865796255553605	-160.19044963479124	-160.19044963479124	-194.34329122105035	-194.34329122105035	-194.34329122105035	-194.34329122105035	-482.6969843062758	-160.19044963479124	-482.6969843062758	-482.6969843062758	268.86857630796715	482.6969843062758	-482.6969843062758	-482.6969843062758	-234.06583976421462	530.1739942059683	-465.8735078448592	16.545705424147314	-88.01335733719124	-88.01335733719124	508.586194439453	16.545705424147314	-482.6969843062758	-76.85085789639581	-10.137367103853393	-9521.699454291176	9514.966787068413	-9521.699454291176	9590.706986009753	-644.7109690130252	-644.7109690130252	-573.4313898051616	-573.4313898051616	-453.78016609272845	-453.78016609272845	-213.6796082760694	-465.8735078448592	-213.6796082760694	-8.488258196959288	-68.36259969943653	240.06215997829102	-482.6969843062758	9590.706986009753	-9590.706986009753	240.91308472122222	-301.660216887917	301.660216887917	-482.6969843062758	-88.01335733719124	15332.373347644161	106.30637044996261	215.18456191235842	215.18456191235842	-274.27663381945774	-274.27663381945774	-530.1739942059683	-517.2276063204445	1.2244699815240239	-65.24289214993169	-1.2244699815240239	-9590.706986009753	-679.5531161209286	-524.6633693357157	-524.6633693357157	514.3387937977487	-9.240934026613203	-9.240934026613203	-123.83644277031829	-123.83644277031829	-679.5531161209286	-8.488258196959288	215.18456191235842	0.0	0.0	0.0	0.0	0.0	-106.30637044996261	-215.18456191235842	-215.18456191235842	274.27663381945774	274.27663381945774	530.1739942059683	517.2276063204445	-1.2244699815240239	65.24289214993169	1.2244699815240239	9590.706986009753	679.5531161209286	524.6633693357157	524.6633693357157	-514.3387937977487	9.240934026613203	9.240934026613203	123.83644277031829	123.83644277031829	679.5531161209286	8.488258196959288	-215.18456191235842	0.0	0.0	0.0	0.0	0.0
167.NoAvocado	-6766.006094710236	1111.6178135675254	-6766.006094710236	-6766.006094710236	8.09507366711097	8.09507366711097	8.09507366711097	120.48802894266487	120.48802894266487	-146.8354481310548	-154.8611804708436	-154.8611804708436	101.89570618608344	101.89570618608344	101.89570618608344	101.89570618608344	120.48802894266487	-154.8611804708436	120.48802894266487	120.48802894266487	554.9297140878614	-120.48802894266487	120.48802894266487	120.48802894266487	673.1818800215262	530.781451072798	-238.96163382479517	-33.723280436272205	3.4262686474492625	3.4262686474492625	493.57057782374454	-33.723280436272205	120.48802894266487	122.07121757564902	-127.05297884442125	-2290.854918157208	2289.524138247363	-2290.854918157208	2093.3146212441125	-371.93208743846856	-371.93208743846856	-339.5661842866026	-339.5661842866026	-306.9293074915047	-306.9293074915047	-135.41505164687692	-238.96163382479517	-135.41505164687692	8.617458277989945	113.45375929765906	556.1773540605799	120.48802894266487	2093.3146212441125	-2093.3146212441125	166.45397866502813	-18.109592170207165	18.109592170207165	120.48802894266487	3.4262686474492625	-4875.370606212312	9.514984510833143	36.31451873187865	36.31451873187865	18.570388741207807	18.570388741207807	-530.781451072798	-482.487721534636	-77.16888754105064	164.2098248638788	77.16888754105064	-2093.3146212441125	-374.3766854716721	-524.1752241498187	-524.1752241498187	537.6069653193721	-11.661716585955897	-11.661716585955897	-90.89963896899185	-90.89963896899185	-374.3766854716721	8.617458277989945	36.31451873187865	0.0	0.0	0.0	0.0	0.0	-9.514984510833143	-36.31451873187865	-36.31451873187865	-18.570388741207807	-18.570388741207807	530.781451072798	482.487721534636	77.16888754105064	-164.2098248638788	-77.16888754105064	2093.3146212441125	374.3766854716721	524.1752241498187	524.1752241498187	-537.6069653193721	11.661716585955897	11.661716585955897	90.89963896899185	90.89963896899185	374.3766854716721	-8.617458277989945	-36.31451873187865	0.0	0.0	0.0	0.0	0.0
169.Avocado	1585.2739985035157	1.8156962593263017	1585.2739985035157	1585.2739985035157	-16.390116669336262	-16.390116669336262	-16.390116669336262	-323.0515003695812	-323.0515003695812	82.99187262176821	-33.49201992272694	-33.49201992272694	-89.72215229509007	-89.72215229509007	-89.72215229509007	-89.72215229509007	-323.0515003695812	-33.49201992272694	-323.0515003695812	-323.0515003695812	187.46471438865257	323.0515003695812	-323.0515003695812	-323.0515003695812	-233.03929429624532	20.802315651883045	-404.9821003431192	6.30572347051835	65.55655666599063	65.55655666599063	120.36976743176132	6.30572347051835	-323.0515003695812	-182.91125718224262	-21.83164630784853	-1647.8611377485458	1661.0254009012624	-1647.8611377485458	1937.6110796367914	-733.5824854999636	-733.5824854999636	-657.2531133396254	-657.2531133396254	-319.7076178645868	-319.7076178645868	145.3813206422867	-404.9821003431192	145.3813206422867	18.759117398657356	-201.6703745809	110.58145154547825	-323.0515003695812	1937.6110796367914	-1937.6110796367914	-125.56604269988483	-69.10446829845371	69.10446829845371	-323.0515003695812	65.55655666599063	-9728.982392611382	115.66226109311901	14.637950664106336	14.637950664106336	108.67324257533403	108.67324257533403	-20.802315651883045	16.926956072878497	125.69370727185142	-323.61549148985694	-125.69370727185142	-1937.6110796367914	-259.6007797008325	24.255890747938984	24.255890747938984	1.908208970144205	-67.89812849326391	-67.89812849326391	-33.3508208738031	-33.3508208738031	-259.6007797008325	18.759117398657356	14.637950664106336	0.0	0.0	0.0	0.0	0.0	-115.66226109311901	-14.637950664106336	-14.637950664106336	-108.67324257533403	-108.67324257533403	20.802315651883045	-16.926956072878497	-125.69370727185142	323.61549148985694	125.69370727185142	1937.6110796367914	259.6007797008325	-24.255890747938984	-24.255890747938984	-1.908208970144205	67.89812849326391	67.89812849326391	33.3508208738031	33.3508208738031	259.6007797008325	-18.759117398657356	-14.637950664106336	0.0	0.0	0.0	0.0	0.0
170.Avocado	-829.0611856367	-17.166800181371464	-829.0611856367	-829.0611856367	33.62937043704006	33.62937043704006	33.62937043704006	-209.33530570088453	-209.33530570088453	-24.634397059207213	-39.59285965212843	-39.59285965212843	-18.041820395044063	-18.041820395044063	-18.041820395044063	-18.041820395044063	-209.33530570088453	-39.59285965212843	-209.33530570088453	-209.33530570088453	185.7227773082068	209.33530570088453	-209.33530570088453	-209.33530570088453	-16.034207156807156	572.4087871769251	-824.8710684815246	-57.31156113175183	-84.35525335421016	-84.35525335421016	556.9049580561295	-57.31156113175183	-209.33530570088453	-78.87508711752272	310.14566489271624	385.37503177807685	-380.2821899464755	385.37503177807685	18.964810041067693	-1038.3548082691295	-1038.3548082691295	-997.298165509183	-997.298165509183	-1233.9075467155433	-1233.9075467155433	15.06359444595995	-824.8710684815246	15.06359444595995	-5.201267647264309	-73.67381947025842	225.0650118215899	-209.33530570088453	18.964810041067693	-18.964810041067693	-108.2343254267614	29.462858202429764	-29.462858202429764	-209.33530570088453	-84.35525335421016	14381.390446873542	-6.683569675565824	45.22192207137761	45.22192207137761	-404.4489485747374	-404.4489485747374	-572.4087871769251	-518.6674934603966	334.8690467973514	-485.0439811671137	-334.8690467973514	-18.964810041067693	-809.8074740355647	-608.0441565976805	-608.0441565976805	629.5139603963273	-20.95820736956815	-20.95820736956815	-14.825488332410359	-14.825488332410359	-809.8074740355647	-5.201267647264309	45.22192207137761	0.0	0.0	0.0	0.0	0.0	6.683569675565824	-45.22192207137761	-45.22192207137761	404.4489485747374	404.4489485747374	572.4087871769251	518.6674934603966	-334.8690467973514	485.04398116711366	334.8690467973514	18.964810041067693	809.8074740355647	608.0441565976805	608.0441565976805	-629.5139603963273	20.95820736956815	20.95820736956815	14.825488332410359	14.825488332410359	809.8074740355647	5.201267647264309	-45.22192207137761	0.0	0.0	0.0	0.0	0.0
174.Avocado	-1560.4159205200494	220.2610133503893	-1560.4159205200494	-1560.4159205200494	42.58858356494666	42.58858356494666	42.58858356494666	96.64193631758803	96.64193631758803	-48.69926318135853	-4.467357213195925	-4.467357213195925	44.48331456450021	44.48331456450021	44.48331456450021	44.48331456450021	96.64193631758803	-4.467357213195925	96.64193631758803	96.64193631758803	-367.29238518909244	-96.64193631758803	96.64193631758803	96.64193631758803	-264.9554018621368	-802.6159342003205	718.7261008772234	82.05540055067173	174.65552480373984	174.65552480373984	-759.4649213846058	82.05540055067173	96.64193631758803	46.586675225856695	261.65666171722415	796.406621482307	-771.941812256654	796.406621482307	-483.97464399312054	748.8924263099088	748.8924263099088	743.7107751956638	743.7107751956638	935.5093572323217	935.5093572323217	-29.075268428562183	718.7261008772234	-29.075268428562183	19.076589058492086	27.510086167364612	-303.3203391991287	96.64193631758803	-483.97464399312054	483.97464399312054	83.0823195744731	-74.55125870971231	74.55125870971231	96.64193631758803	174.65552480373984	5660.266973210608	-12.050718917245472	-9.11237045458403	-9.11237045458403	468.9736738215325	468.9736738215325	802.6159342003205	780.1513495295459	333.6298231330929	-219.82430424398342	-333.6298231330929	483.97464399312054	689.6508324486613	825.1827918340964	825.1827918340964	-772.2940130206612	-12.428727329926028	-12.428727329926028	69.81950601257866	69.81950601257866	689.6508324486613	19.076589058492086	-9.11237045458403	0.0	0.0	0.0	0.0	0.0	12.050718917245472	9.11237045458403	9.11237045458403	-468.9736738215325	-468.9736738215325	-802.6159342003205	-780.1513495295459	-333.6298231330929	219.82430424398345	333.6298231330929	-483.97464399312054	-689.6508324486613	-825.1827918340964	-825.1827918340964	772.2940130206612	12.428727329926028	12.428727329926028	-69.81950601257866	-69.81950601257866	-689.6508324486613	-19.076589058492086	9.11237045458403	0.0	0.0	0.0	0.0	0.0
175.NoAvocado	10312.989314665576	121.57427344238783	10312.989314665576	10312.989314665576	27.74416224877404	27.74416224877404	27.74416224877404	630.1759154181618	630.1759154181618	-60.186316037537125	-113.13810795996781	-113.13810795996781	-228.38451298829597	-228.38451298829597	-228.38451298829597	-228.38451298829597	630.1759154181618	-113.13810795996781	630.1759154181618	630.1759154181618	90.50416993315484	-630.1759154181618	630.1759154181618	630.1759154181618	697.8330430090691	1142.1144335002414	-1078.5634130473704	65.42907232391141	62.910447061037225	62.910447061037225	807.2695617896575	65.42907232391141	630.1759154181618	-130.5912830155152	-403.5778879143126	-1807.0757125795658	1811.9613218207717	-1807.0757125795658	1680.8806676008091	-1603.358585931984	-1603.358585931984	-1683.5899521639242	-1683.5899521639242	-1837.7082045820698	-1837.7082045820698	-445.3559558976466	-1078.5634130473704	-445.3559558976466	12.776673866785742	-143.36795688230092	32.351133180646194	630.1759154181618	1680.8806676008091	-1680.8806676008091	336.9402227117108	-478.18247634835427	478.18247634835427	630.1759154181618	62.910447061037225	21560.955845967277	-66.12759213727924	292.2529705128387	292.2529705128387	-1029.2050274542767	-1029.2050274542767	-1142.1144335002414	-1147.222741604955	-265.72244241376563	191.25544847767702	265.72244241376563	-1680.8806676008091	-1523.919368945017	-1088.971090419604	-1088.971090419604	1061.556160634923	-45.70559534981567	-45.70559534981567	-74.62489906866593	-74.62489906866593	-1523.919368945017	12.776673866785742	292.2529705128387	0.0	0.0	0.0	0.0	0.0	66.12759213727924	-292.2529705128387	-292.2529705128387	1029.2050274542767	1029.2050274542767	1142.1144335002414	1147.222741604955	265.72244241376563	-191.25544847767702	-265.72244241376563	1680.8806676008091	1523.919368945017	1088.971090419604	1088.971090419604	-1061.556160634923	45.70559534981567	45.70559534981567	74.62489906866593	74.62489906866593	1523.919368945017	-12.776673866785742	-292.2529705128387	0.0	0.0	0.0	0.0	0.0
183.Avocado	798.0070677593861	3.1382103808261093	798.0070677593861	798.0070677593861	8.769135868522529	8.769135868522529	8.769135868522529	231.77379179760385	231.77379179760385	304.94844441836614	213.80223128212475	213.80223128212475	-295.53293432292855	-295.53293432292855	-295.53293432292855	-295.53293432292855	231.77379179760385	213.80223128212475	231.77379179760385	231.77379179760385	64.01874599122974	-231.77379179760385	231.77379179760385	231.77379179760385	293.721037566709	-938.2017355347114	527.5183485559611	-15.01601819074497	-95.24333804490524	-95.24333804490524	-853.2156310633399	-15.01601819074497	231.77379179760385	-123.22998928390743	141.22168843893087	336.8955063552082	-334.39948632585515	336.8955063552082	4.424728531592557	298.9193380475426	298.9193380475426	463.31287255482033	463.31287255482033	506.9171757886403	506.9171757886403	34.75946947412177	527.5183485559611	34.75946947412177	2.76012611631188	-125.99011540021931	89.18655643495498	231.77379179760385	4.424728531592557	-4.424728531592557	-63.058234610885954	-66.43450785747211	66.43450785747211	231.77379179760385	-95.24333804490524	11589.372937723625	71.53742719707682	-26.306413284871706	-26.306413284871706	1007.8962958414158	1007.8962958414158	938.2017355347114	957.1030817142499	240.92074367630022	-385.46848290755526	-240.92074367630022	-4.424728531592557	562.2778180300829	946.2131561592696	946.2131561592696	-918.7097394064609	-8.344616061294102	-8.344616061294102	20.44493078043027	20.44493078043027	562.2778180300829	2.76012611631188	-26.306413284871706	0.0	0.0	0.0	0.0	0.0	-71.53742719707682	26.306413284871706	26.306413284871706	-1007.8962958414158	-1007.8962958414158	-938.2017355347114	-957.1030817142499	-240.92074367630022	385.4684829075552	240.92074367630022	4.424728531592557	-562.2778180300829	-946.2131561592696	-946.2131561592696	918.7097394064609	8.344616061294102	8.344616061294102	-20.44493078043027	-20.44493078043027	-562.2778180300829	-2.76012611631188	26.306413284871706	0.0	0.0	0.0	0.0	0.0
186.NoAvocado	17591.332394399506	1754.880536397684	17591.332394399506	17591.332394399506	-85.37708578977768	-85.37708578977768	-85.37708578977768	-2262.827367553783	-2262.827367553783	40.05402554661741	-32.65620033996659	-32.65620033996659	-57.40885932110309	-57.40885932110309	-57.40885932110309	-57.40885932110309	-2262.827367553783	-32.65620033996659	-2262.827367553783	-2262.827367553783	-4.694237199817607	2262.827367553783	-2262.827367553783	-2262.827367553783	-2312.9137363897057	325.45730178495256	-962.9454271561774	340.5838026949661	284.8265981808637	284.8265981808637	250.70813817408646	340.5838026949661	-2262.827367553783	-203.71494324939735	586.1628963448819	1437.447519651793	-1425.8598377203868	1437.447519651793	-286.7357530472442	-2761.3537495501523	-2761.3537495501523	-1118.5844757851428	-1118.5844757851428	-1916.6994058330542	-1916.6994058330542	403.6307577206204	-962.9454271561774	403.6307577206204	28.304667934889128	-232.01961118428648	28.838204497207073	-2262.827367553783	-286.7357530472442	286.7357530472442	1305.370225354025	-1520.9694683545745	1520.9694683545745	-2262.827367553783	284.8265981808637	-4701.943792427294	78.81339263641165	4.684357898052251	4.684357898052251	-315.0717144823873	-315.0717144823873	-325.45730178495256	-574.5305870231193	942.8715621259024	-830.2222443148453	-942.8715621259024	286.7357530472442	-559.314669435557	-248.2683596429817	-248.2683596429817	343.9099189795944	51.572636085078784	51.572636085078784	374.1933298698004	374.1933298698004	-559.314669435557	28.304667934889128	4.684357898052251	0.0	0.0	0.0	0.0	0.0	-78.81339263641165	-4.684357898052251	-4.684357898052251	315.0717144823873	315.0717144823873	325.45730178495256	574.5305870231193	-942.8715621259024	830.2222443148454	942.8715621259024	-286.7357530472442	559.314669435557	248.2683596429817	248.2683596429817	-343.9099189795944	-51.572636085078784	-51.572636085078784	-374.1933298698004	-374.1933298698004	559.314669435557	-28.304667934889128	-4.684357898052251	0.0	0.0	0.0	0.0	0.0
