key	MAR03989	MAR08582	MAR08587	MAR08589	MAR04087	MAR04089	MAR04091	MAR04046	MAR04406	MAR04518	MAR04519	MAR04520	MAR04646	MAR04648	MAR04649	MAR04650	MAR04808	MAR08755	MAR04034	MAR04194	MAR03831	MAR03890	MAR03892	MAR09802	MAR03903	MAR04690	MAR06780	MAR03816	MAR04776	MAR04777	MAR08416	MAR08426	MAR08607	MAR03883	MAR04284	MAR04788	MAR04789	MAR04791	MAR07703	MAR03747	MAR03744	MAR03777	MAR03778	MAR06923	MAR03765	MAR03940	MAR06768	MAR08539	MAR04302	MAR04323	MAR04174	MAR04300	MAR07706	MAR08779	MAR00622	MAR00648	MAR00649	MAR04260	MAR01649	MAR11305
041.NoAvocado	4.444080783981964	0.1298978917952678	4.444080783981964	4.444080783981964	-0.24905934552757011	-0.24905934552757011	-0.24905934552757011	-0.09178652894886995	-0.09178652894886995	20.63249910526979	2.0987081545965225	2.0987081545965225	0.19081483422945206	0.19081483422945206	0.19081483422945206	0.19081483422945206	-0.09178652894886995	2.0987081545965225	-0.09178652894886995	-0.09178652894886995	0.03560346570391161	-10.894844934783992	-0.09178652894886995	-0.09178652894886995	-0.052070085160551234	-1.7954088309319058	-9.065580733062953	7.766398933500824	-2851.0207395012712	-2851.0207395012712	0.42620991482936427	7.766398933500824	-0.09178652894886995	-0.17200275534496162	10.228677559607874	0.3407819730028201	2.9244948522301932	0.3407819730028201	73.96280124691445	2.4282491777348985	2.4282491777348985	1.17523832333188	1.17523832333188	0.6234198076491041	0.6234198076491041	-1.7058449284048613	-9.065580733062953	-1.7058449284048613	-0.154947715224379	1.1100696457245935	-0.0011178850137692842	-0.09178652894886995	73.96280124691445	0.01352030998206301	-1.9855148668151785	-0.4750545329022507	-2.105021488566165	-0.09178652894886995	-2851.0207395012712	-1.4875226120782774
046.Avocado	9.475937530010981	-0.04998141059105628	9.475937530010981	9.475937530010981	-0.9366768355194693	-0.9366768355194693	-0.9366768355194693	0.24175528728074683	0.24175528728074683	10.424691562239955	0.598208631157695	0.598208631157695	-0.1219355715759708	-0.1219355715759708	-0.1219355715759708	-0.1219355715759708	0.24175528728074683	0.598208631157695	0.24175528728074683	0.24175528728074683	-0.04039410067894175	4.136414186626309	0.24175528728074683	0.24175528728074683	0.6464406414367111	0.6540361923581737	2.2487469858367053	0.5095945970635025	-8.457522597454608	-8.457522597454608	-0.11120325525643618	0.5095945970635025	0.24175528728074683	0.3106207598570039	0.2807749586710735	0.014898424163569257	80.93050559759112	0.014898424163569257	31.338708607473375	799.3717695868506	799.3717695868506	-2.7480957231058687	-2.7480957231058687	1.152563257776919	1.152563257776919	0.9927673907489262	2.2487469858367053	0.9927673907489262	0.6018340849855692	0.5161235755938481	-0.042558621955369635	0.24175528728074683	31.338708607473375	0.03190941951454659	5.29038019087663	0.1121655457276184	8.915393702344115	0.24175528728074683	-8.457522597454608	0.5145946820625824
047.Avocado	22.283389942430983	0.41633144838047537	22.283389942430983	22.283389942430983	0.6364616243255898	0.6364616243255898	0.6364616243255898	0.8993447247118667	0.8993447247118667	19.19037964694962	1.407164534769301	1.407164534769301	0.26815592448159153	0.26815592448159153	0.26815592448159153	0.26815592448159153	0.8993447247118667	1.407164534769301	0.8993447247118667	0.8993447247118667	0.02397275945270221	1.111920682383923	0.8993447247118667	0.8993447247118667	0.5494409628692051	0.013140587757312939	2.6936242277675433	-0.3612224140276778	1.685823185276624	1.685823185276624	0.05140792369913833	-0.3612224140276778	0.8993447247118667	0.018318910185683348	1.932513614978627	-1.4383299463555417	-0.7036342882899596	-1.4383299463555417	-8.017094524190673	2.837542703589526	2.837542703589526	3.8495820295334413	3.8495820295334413	2.0635841954350815	2.0635841954350815	1.931079074769356	2.6936242277675433	1.931079074769356	0.2343787803817408	0.07815942277644208	0.004368193093230928	0.8993447247118667	-8.017094524190673	-0.1247334675901118	0.26433408101192524	0.30929954259050507	3.233111797142044	0.8993447247118667	1.685823185276624	0.6833581628536369
048.NoAvocado	21.250460501239722	0.7594439111038169	21.250460501239722	21.250460501239722	0.20555369320175235	0.20555369320175235	0.20555369320175235	1.442739894223903	1.442739894223903	18.14333127511401	-0.560186112638316	-0.560186112638316	0.34520609282079134	0.34520609282079134	0.34520609282079134	0.34520609282079134	1.442739894223903	-0.560186112638316	1.442739894223903	1.442739894223903	0.01687908133931879	0.6931256313099547	1.442739894223903	1.442739894223903	0.8275515056082616	0.027955818845111433	-9.005861539039229	1.817601588599237	-8.118792429468755	-8.118792429468755	0.03666500745996889	1.817601588599237	1.442739894223903	-0.012052983593635335	0.42460431097754836	-0.44240983201723383	-2.2359738921922907	-0.44240983201723383	5.531282247672276	-6.534601132653429	-6.534601132653429	-5.773616367703474	-5.773616367703474	-3.6466158968696103	-3.6466158968696103	4.347865685141303	-9.005861539039229	4.347865685141303	-0.6608232248977036	0.0182393462268236	0.09046680435283086	1.442739894223903	5.531282247672276	0.18078990643097792	0.38807211755703735	-1.6515705427307796	-0.6054842794341414	1.442739894223903	-8.118792429468755	1.0705829507754312
050.Avocado	9.511487668175679	1.353025876592309	9.511487668175679	9.511487668175679	0.02805158064890819	0.02805158064890819	0.02805158064890819	0.3192141405457184	0.3192141405457184	15.085442596986555	0.9673501554891503	0.9673501554891503	0.07643892101593976	0.07643892101593976	0.07643892101593976	0.07643892101593976	0.3192141405457184	0.9673501554891503	0.3192141405457184	0.3192141405457184	-0.11653651804829901	3.1326933020273837	0.3192141405457184	0.3192141405457184	0.7074823356970932	1.3031260996616854	0.4919446371290952	3.647039239005255	1.34126216514891	1.34126216514891	0.06599905019565701	3.647039239005255	0.3192141405457184	-0.0026659787609074866	2.9658638746385027	0.18006916580516316	5.54924276501128	0.18006916580516316	57.85901740409058	0.5811739347830094	0.5811739347830094	0.592676793788711	0.592676793788711	0.2970681779556449	0.2970681779556449	1.3798134317473096	0.4919446371290952	1.3798134317473096	0.07893235677775542	-0.03377548662855596	-0.03807885928477066	0.3192141405457184	57.85901740409058	0.017283390642740173	0.4079306046804909	1.4449430659965354	0.6920687904822942	0.3192141405457184	1.34126216514891	0.9612437991145157
056.Avocado	3.091441109643299	-0.11636126361979139	3.091441109643299	3.091441109643299	-0.38971188380190935	-0.38971188380190935	-0.38971188380190935	1.4242135190429737	1.4242135190429737	25.74525283484147	1.3377622188860436	1.3377622188860436	0.03501134759996627	0.03501134759996627	0.03501134759996627	0.03501134759996627	1.4242135190429737	1.3377622188860436	1.4242135190429737	1.4242135190429737	0.00607471800703467	0.7021419096428521	1.4242135190429737	1.4242135190429737	0.8957623176422744	0.03675082068735671	2.694933446777	-0.2677526336552631	7.903358475235554	7.903358475235554	0.021226080243065312	-0.2677526336552631	1.4242135190429737	0.018398148395427912	3.386374595865471	0.2108187170984104	4.775928941565899	0.2108187170984104	57.6506186240722	2.2076219982715606	2.2076219982715606	2.5346629506166694	2.5346629506166694	1.4679008401645408	1.4679008401645408	0.9230227388490413	2.694933446777	0.9230227388490413	-1.5655261372160014	-0.011752054442313952	0.10792175655200915	1.4242135190429737	57.6506186240722	0.017345867639700342	0.36883602444474506	0.8278379256635875	1.2079659182060414	1.4242135190429737	7.903358475235554	1.024392362580891
060.NoAvocado	-1.8734868849251025	-0.4393763210119959	-1.8734868849251025	-1.8734868849251025	-0.283946733237221	-0.283946733237221	-0.283946733237221	1.3080789907448345	1.3080789907448345	5.4291076268741	1.2122810743934702	1.2122810743934702	0.22895669083309078	0.22895669083309078	0.22895669083309078	0.22895669083309078	1.3080789907448345	1.2122810743934702	1.3080789907448345	1.3080789907448345	0.01944338008673605	0.764479826581871	1.3080789907448345	1.3080789907448345	0.6635619957251617	0.05117783391111627	6.824138604079165	-3.188753304679785	3.168145714276769	3.168145714276769	0.07224842314616432	-3.188753304679785	1.3080789907448345	-0.02696366226004457	1.0771719446408303	-0.2617574607553213	-3.7299869433040183	-0.2617574607553213	624.3365082364223	3.1746254531136544	3.1746254531136544	4.392050160806396	4.392050160806396	1.5866862933182406	1.5866862933182406	0.7399992149544	6.824138604079165	0.7399992149544	-0.302958135286043	0.08900128142981331	0.04991872475846152	1.3080789907448345	624.3365082364223	0.0016017003439775176	0.01801175011857292	2.841146170894372	0.3519706272927194	1.3080789907448345	3.168145714276769	1.2049619103859208
063.Avocado	8.225611631122959	0.5691670527683945	8.225611631122959	8.225611631122959	-0.006417231488983564	-0.006417231488983564	-0.006417231488983564	-0.34088534628600414	-0.34088534628600414	-21.2253419095103	-2.3014405293134024	-2.3014405293134024	0.3427195882359275	0.3427195882359275	0.3427195882359275	0.3427195882359275	-0.34088534628600414	-2.3014405293134024	-0.34088534628600414	-0.34088534628600414	0.7443029749380128	-2.9335376568548535	-0.34088534628600414	-0.34088534628600414	-0.3181551027123376	-0.2949123964333795	11.971137954626474	3.8361773130921546	3.5191071299755143	3.5191071299755143	0.07920210345752107	3.8361773130921546	-0.34088534628600414	0.0450644291248935	1.633623134724624	0.23754847864717865	4.237486852681333	0.23754847864717865	9.376352613521078	3.785531068671827	3.785531068671827	1.0262605728960947	1.0262605728960947	0.7755590790524358	0.7755590790524358	0.47289547172452245	11.971137954626474	0.47289547172452245	-0.4347676248592685	-0.10365175911955396	1.459923568589286	-0.34088534628600414	9.376352613521078	0.10665127915069658	1.9168023377600119	2.103760517587186	0.4753392753785993	-0.34088534628600414	3.5191071299755143	1.5393534341668857
064.NoAvocado	8.393948180154142	0.08291350623334716	8.393948180154142	8.393948180154142	-0.6465215496058591	-0.6465215496058591	-0.6465215496058591	0.6014151169647436	0.6014151169647436	4.608620094317983	-0.2425355860120212	-0.2425355860120212	-0.5304760505175491	-0.5304760505175491	-0.5304760505175491	-0.5304760505175491	0.6014151169647436	-0.2425355860120212	0.6014151169647436	0.6014151169647436	0.03235654520665208	1.662745035487065	0.6014151169647436	0.6014151169647436	0.3732350382080221	0.006301074076018387	2.5434597349859556	-1.1196789287330908	-1.4209388567167058	-1.4209388567167058	0.04647151140748793	-1.1196789287330908	0.6014151169647436	0.7083334843519695	2.1731318693099233	0.9272857517883732	1.1055454527775712	0.9272857517883732	6.612924966772673	3.016204032030259	3.016204032030259	3.501695057051693	3.501695057051693	2.093299488123913	2.093299488123913	3.5086492856619214	2.5434597349859556	3.5086492856619214	0.27063671041701753	2.6172853019847735	0.545733627443946	0.6014151169647436	6.612924966772673	0.15121901503867102	0.8652317334241763	0.03945005429978718	25.348507568604152	0.6014151169647436	-1.4209388567167058	-0.03220863973296657
071.Avocado	10.253892075307512	-0.0008487054540546273	10.253892075307512	10.253892075307512	-14.454687567173277	-14.454687567173277	-14.454687567173277	2.003030635267482	2.003030635267482	-199.2451388719348	1.8127009821037665	1.8127009821037665	0.013152578994802355	0.013152578994802355	0.013152578994802355	0.013152578994802355	2.003030635267482	1.8127009821037665	2.003030635267482	2.003030635267482	-0.39256559454538853	0.49924348753980063	2.003030635267482	2.003030635267482	2.4632107529967775	0.9516439484978885	1.0078235166547895	1623.672281147839	-39.0696912635632	-39.0696912635632	0.22953347772002897	1623.672281147839	2.003030635267482	0.11258132093940613	0.7595782562259965	3.619063840914396	0.30007218819073705	3.619063840914396	1.3588093396304624	1.021693698332534	1.021693698332534	1.722246148682555	1.722246148682555	1.0336162521834886	1.0336162521834886	1.9392739594500574	1.0078235166547895	1.9392739594500574	-11.45423610024892	-0.00982879346593524	-35.52053940375504	2.003030635267482	1.3588093396304624	0.735938421112087	2.415592500186102	-0.00307896363698044	-324.7846086875864	2.003030635267482	-39.0696912635632	0.5129260160124118
073.Avocado	21.469135484468232	5.943932485059303	21.469135484468232	21.469135484468232	0.7263918974727088	0.7263918974727088	0.7263918974727088	2.7175871151149478	2.7175871151149478	5.6881481609565165	0.8723733931226253	0.8723733931226253	-1.1448659409802522	-1.1448659409802522	-1.1448659409802522	-1.1448659409802522	2.7175871151149478	0.8723733931226253	2.7175871151149478	2.7175871151149478	0.0005993935661925263	0.3679734844333416	2.7175871151149478	2.7175871151149478	1.2214770704391826	0.013982977877916072	1.8678707342788698	0.6030523707657072	0.38640971515707173	0.38640971515707173	0.1311514738176915	0.6030523707657072	2.7175871151149478	0.016479342521201777	3.6357231227853095	15.483879924671541	0.0648806524558214	15.483879924671541	2.0317503038294342	1.4571389184637593	1.4571389184637593	1.3722343794354082	1.3722343794354082	1.8577799428303006	1.8577799428303006	1.0619264559377044	1.8678707342788698	1.0619264559377044	0.3490022130871631	0.047218447056340214	0.07189517608578519	2.7175871151149478	2.0317503038294342	0.4921864650962297	0.8750630010685253	0.0818797215571032	12.213036158196953	2.7175871151149478	0.38640971515707173	0.729993319286356
086.NoAvocado	3.500247719309883e-05	0.271889146876105	3.500247719309883e-05	3.500247719309883e-05	0.144102503833379	0.144102503833379	0.144102503833379	1.2937368809660308	1.2937368809660308	-0.23954359583415746	-0.06106058738861381	-0.06106058738861381	-6.942512889077312	-6.942512889077312	-6.942512889077312	-6.942512889077312	1.2937368809660308	-0.06106058738861381	1.2937368809660308	1.2937368809660308	-0.03214998984376493	0.7729546979083582	1.2937368809660308	1.2937368809660308	2.762246842093323	0.874797428880159	1.087806675392656	7.136951507592163	-0.7429660326653845	-0.7429660326653845	0.4408484017127177	7.136951507592163	1.2937368809660308	0.15760215330761967	1.31754087653475	0.4626427375944032	2.100761581124429	0.4626427375944032	-67.05411512767068	0.6502912110762495	0.6502912110762495	1.4551666489687614	1.4551666489687614	2.1317278072468415	2.1317278072468415	4.142792776966275	1.087806675392656	4.142792776966275	-1.236997344099972	-0.12740702642517762	-2.059689275025178	1.2937368809660308	-67.05411512767068	-0.014913327811365569	4.69246403657206	0.06118893693853262	16.342823556561385	1.2937368809660308	-0.7429660326653845	-0.6279030196816328
094.Avocado	-110.48346316748857	-5.946278801257414	-110.48346316748857	-110.48346316748857	-0.07914520865266843	-0.07914520865266843	-0.07914520865266843	2.803578106091268	2.803578106091268	-0.8387105882408921	0.18259201236434702	0.18259201236434702	-1.8395473742340425	-1.8395473742340425	-1.8395473742340425	-1.8395473742340425	2.803578106091268	0.18259201236434702	2.803578106091268	2.803578106091268	3.367218795727989	0.3566870485353426	2.803578106091268	2.803578106091268	2.464471532748257	1.0881577546628176	0.9590648712436312	1.9524339403165447	64.23780718395702	64.23780718395702	0.47197995179947805	1.9524339403165447	2.803578106091268	0.04238736389536438	3.298426412279307	0.28728769456316183	3.533689144448748	0.28728769456316183	14.259104137396163	0.929019279083797	0.929019279083797	1.233632526273155	1.233632526273155	0.8199043293182064	0.8199043293182064	4.255581260027044	0.9590648712436312	4.255581260027044	-0.8968941368793685	-0.04726016388382907	1.7140919604059806	2.803578106091268	14.259104137396163	0.07013063305831278	0.9354354473729224	-0.014427875074199216	-69.31027575836579	2.803578106091268	64.23780718395702	-0.22336571426754648
096.Avocado	33.06830419824073	-0.2244041176516998	33.06830419824073	33.06830419824073	-4.205054304351559	-4.205054304351559	-4.205054304351559	0.049917910444710605	0.049917910444710605	5.487695501910354	2.1734626436556894	2.1734626436556894	-0.00028244701259650925	-0.00028244701259650925	-0.00028244701259650925	-0.00028244701259650925	0.049917910444710605	2.1734626436556894	0.049917910444710605	0.049917910444710605	0.1394870427052159	20.032889820330247	0.049917910444710605	0.049917910444710605	0.04772950587143191	0.6649398185075607	0.07954460044272535	0.000711112764206198	0.9222070063994198	0.9222070063994198	0.20447339650337024	0.000711112764206198	0.049917910444710605	0.09815582130756055	1.0968598423887832	1.9780949365416014	0.5384255083631905	1.9780949365416014	6.757631242474197	0.05745925593915264	0.05745925593915264	0.07451713759562392	0.07451713759562392	0.04361024253270242	0.04361024253270242	1.1776936533939335	0.07954460044272535	1.1776936533939335	-16.7642568906228	-0.005855065449543706	1.0541589971261047	0.049917910444710605	6.757631242474197	0.14798084774360462	4.952064311670594	-0.0002922375443011135	-3421.8738129335893	0.049917910444710605	0.9222070063994198	0.7597022490328038
097.NoAvocado	9.024231127757776	-0.3514374145914741	9.024231127757776	9.024231127757776	0.11707216331922071	0.11707216331922071	0.11707216331922071	2.341464321885202	2.341464321885202	2602.3894959750937	-2.034227805821801	-2.034227805821801	-0.17300260495839503	-0.17300260495839503	-0.17300260495839503	-0.17300260495839503	2.341464321885202	-2.034227805821801	2.341464321885202	2.341464321885202	0.08826997056183924	0.4270831678506474	2.341464321885202	2.341464321885202	1.7191518007901612	-0.005463715255637044	-2.490332837455947	26.295157482773824	0.3140543298219217	0.3140543298219217	-0.20332606694009495	26.295157482773824	2.341464321885202	3.24785341591455	3.547358247563654	-1.5506520287533296	-0.6386048605028258	-1.5506520287533296	35.82716981364125	-1.3800419209269699	-1.3800419209269699	-1.1811192922921794	-1.1811192922921794	-0.9182249549519895	-0.9182249549519895	0.6655913445827687	-2.490332837455947	0.6655913445827687	-3.481776868246525	-0.9328149214657222	-0.11114605550459102	2.341464321885202	35.82716981364125	0.02791177771511409	25.221223685910413	-0.027656533153162584	-36.157821895534575	2.341464321885202	0.3140543298219217	0.9752546297529857
099.Avocado	9.550013992957375	-0.9954025487120288	9.550013992957375	9.550013992957375	0.06074672589498992	0.06074672589498992	0.06074672589498992	0.6641497447996824	0.6641497447996824	17.039444971307276	1.3907763529786166	1.3907763529786166	-0.15154125758793527	-0.15154125758793527	-0.15154125758793527	-0.15154125758793527	0.6641497447996824	1.3907763529786166	0.6641497447996824	0.6641497447996824	0.016511576352752192	1.5056845354982635	0.6641497447996824	0.6641497447996824	0.48394585211618213	0.018494801129280362	1.2934861431739753	1.2465287623903538	-1.918879541931607	-1.918879541931607	0.6282500590946072	1.2465287623903538	0.6641497447996824	0.11255109824874784	1.8336495020651906	11.185069496008012	0.09060221941854965	11.185069496008012	1.0634394219372312	1.492341264963921	1.492341264963921	0.819942230385611	0.819942230385611	1.9814612749249478	1.9814612749249478	1.310110167258502	1.2934861431739753	1.310110167258502	0.5316564956873129	0.21169890551839202	0.16253209910528066	0.6641497447996824	1.0634394219372312	0.9403450533913199	1.6681525207154508	0.061161973024059006	16.350028466325547	0.6641497447996824	-1.918879541931607	-6.086975314464987
102.Avocado	29.635997344707437	0.1833279448337593	29.635997344707437	29.635997344707437	0.003003320574794783	0.003003320574794783	0.003003320574794783	2.9984085662509044	2.9984085662509044	-2.3712187804583036	-2.5312906319915434	-2.5312906319915434	-0.33177573230793755	-0.33177573230793755	-0.33177573230793755	-0.33177573230793755	2.9984085662509044	-2.5312906319915434	2.9984085662509044	2.9984085662509044	0.004025397340141717	0.33351025315751476	2.9984085662509044	2.9984085662509044	-1.4314508589861914	0.04209232411307324	1.934070085688807	-2640.4034080857336	-1.3136938985324587	-1.3136938985324587	0.2366408584316937	-2640.4034080857336	2.9984085662509044	-0.0004627787547351721	0.7578867296468673	0.720357874296109	1.387412641207931	0.720357874296109	28.809241045508415	2.5671686900846944	2.5671686900846944	2.462678380827905	2.462678380827905	1.1157825108853061	1.1157825108853061	1.0718719340281981	1.934070085688807	1.0718719340281981	0.00880352316281121	-0.05256744898339019	-0.00023210803266228848	2.9984085662509044	28.809241045508415	0.03471108448918712	-0.03970547801890563	2.02370481944703	0.4941432121870651	2.9984085662509044	-1.3136938985324587	0.6326999436531437
113.Avocado	2.146082608600739	0.018523062214035442	2.146082608600739	2.146082608600739	0.03682510489704686	0.03682510489704686	0.03682510489704686	1.677907660980419	1.677907660980419	-14.84829181197869	2.82186099480526	2.82186099480526	0.10854820591971887	0.10854820591971887	0.10854820591971887	0.10854820591971887	1.677907660980419	2.82186099480526	1.677907660980419	1.677907660980419	0.11045639078885562	0.5959803529448632	1.677907660980419	1.677907660980419	0.8029527746499574	0.03830661988950217	-0.6088441922582561	4.6250129159398385	-2.2145122838738294	-2.2145122838738294	0.30805946036945037	4.6250129159398385	1.677907660980419	0.013797654254541648	1.779693802342916	-2.8264561567285327	-0.3568663414679384	-2.8264561567285327	-31.040117715382365	-0.8323973294521549	-0.8323973294521549	-0.65098668191006	-0.65098668191006	-0.35294161393711565	-0.35294161393711565	1.270698884923426	-0.6088441922582561	1.270698884923426	0.2134131138880627	0.06465232620043516	-0.012919838133117433	1.677907660980419	-31.040117715382365	-0.032216372668729794	0.8543743042660289	0.036233878794683316	27.598480573013685	1.677907660980419	-2.2145122838738294	0.029586147862844313
114.NoAvocado	20.53555010213814	1.288809655443025	20.53555010213814	20.53555010213814	0.00164130743419158	0.00164130743419158	0.00164130743419158	-1.0877785467649193	-1.0877785467649193	-32.15694806987051	-3.1358709289358497	-3.1358709289358497	0.25571493849294874	0.25571493849294874	0.25571493849294874	0.25571493849294874	-1.0877785467649193	-3.1358709289358497	-1.0877785467649193	-1.0877785467649193	-0.005468019748843285	-0.9193047637996035	-1.0877785467649193	-1.0877785467649193	-0.9036266271418248	-0.7772191192258202	-0.7495364741110506	-1.3842624619232657	-1.7387805446168827	-1.7387805446168827	-0.4751858000631702	-1.3842624619232657	-1.0877785467649193	0.0022233437442065605	-0.9666132140173702	-0.12637254006656864	-7.894414911995798	-0.12637254006656864	-20.40715273263292	2.692065935118105	2.692065935118105	4.250615134015839	4.250615134015839	1.6401257870283663	1.6401257870283663	1.8802565080015872	-0.7495364741110506	1.8802565080015872	-0.012537755683819702	-0.17733187663529315	6.218548531063258	-1.0877785467649193	-20.40715273263292	-0.04900242640909468	1.874586681518268	0.38966172062383747	2.566328553903186	-1.0877785467649193	-1.7387805446168827	0.8319864645340563
117.Avocado	3.8921418143799063	-0.0660538025763998	3.8921418143799063	3.8921418143799063	0.10171637008929106	0.10171637008929106	0.10171637008929106	4.204306422975743	4.204306422975743	431.1287576080388	0.7007661805234401	0.7007661805234401	-1.395929037218251	-1.395929037218251	-1.395929037218251	-1.395929037218251	4.204306422975743	0.7007661805234401	4.204306422975743	4.204306422975743	-0.08070906688144468	0.2378513598664427	4.204306422975743	4.204306422975743	-171.6978233541247	0.04922153274645426	-3.096228336743799	3.35440869067023	-10.876928623044824	-10.876928623044824	0.19048791716543817	3.35440869067023	4.204306422975743	-0.040298175224803494	1.108990793772179	-0.4269021736530092	-2.0779172708443023	-0.4269021736530092	-124313.21033768078	-0.22010401173022634	-0.22010401173022634	-0.8644171345557603	-0.8644171345557603	-0.3802899080446409	-0.3802899080446409	1.2852318894624382	-3.096228336743799	1.2852318894624382	34.94323646770519	-0.0011532467881745121	-0.2697196859676386	4.204306422975743	-124313.21033768078	-8.044197372778236e-06	-1.292901941386181	-0.04831973669943446	-20.695477010157305	4.204306422975743	-10.876928623044824	0.3439023955391337
118.Avocado	-17.359659633642373	-1.4812099393689593	-17.359659633642373	-17.359659633642373	1.0976517090297595	1.0976517090297595	1.0976517090297595	-0.537880944299894	-0.537880944299894	-10.58765015345994	0.5839924505643732	0.5839924505643732	0.019120882068479287	0.019120882068479287	0.019120882068479287	0.019120882068479287	-0.537880944299894	0.5839924505643732	-0.537880944299894	-0.537880944299894	-0.0271844875942253	-1.8591474760304074	-0.537880944299894	-0.537880944299894	-1.0362543908653405	-0.04239844775122126	-0.4145773432263344	67.77039125219056	-0.6579366119150448	-0.6579366119150448	-0.8627380115556078	67.77039125219056	-0.537880944299894	-0.17437409216767238	0.929838912304735	0.5620180931645156	1.5856627529074983	0.5620180931645156	44.61419862324046	-1.2318313592474037	-1.2318313592474037	-1.018442640430278	-1.018442640430278	-1.80521870606195	-1.80521870606195	2.925678031411844	-0.4145773432263344	2.925678031411844	0.5134919856764322	-0.33958483682655005	-0.027013012954465034	-0.537880944299894	44.61419862324046	0.022414388935792274	1.6000645949483232	0.14400246455567867	6.944325592520323	-0.537880944299894	-0.6579366119150448	0.31078296061969063
119.Avocado	52.82997056018141	2.9327257622426943	52.82997056018141	52.82997056018141	0.06315073060964875	0.06315073060964875	0.06315073060964875	2.362083033516103	2.362083033516103	-135.30866932038924	13.946661319906081	13.946661319906081	0.23233574771696464	0.23233574771696464	0.23233574771696464	0.23233574771696464	2.362083033516103	13.946661319906081	2.362083033516103	2.362083033516103	0.025576495627106354	0.4233551428170752	2.362083033516103	2.362083033516103	1.300197834196983	0.0014159751915405765	7.110658698824036	-26.981817591710055	25.54316105567853	25.54316105567853	0.06588302447518228	-26.981817591710055	2.362083033516103	0.03862111343368782	2.9080570805297574	-15.864300955887405	-0.06382072329162793	-15.864300955887405	-0.8869915393451461	14.619661001414368	14.619661001414368	20.702484521457063	20.702484521457063	6.33731968888547	6.33731968888547	2.694429409745286	7.110658698824036	2.694429409745286	0.29555278030331433	0.13067416721322153	0.1058082002610635	2.362083033516103	-0.8869915393451461	-1.1274064696696955	-0.13465860811141928	-0.0338585159282467	-29.53466720511938	2.362083033516103	25.54316105567853	1.4297855610242707
123.NoAvocado	2.9763094254117495	0.0915777177524461	2.9763094254117495	2.9763094254117495	0.07473730230414738	0.07473730230414738	0.07473730230414738	8.230495809559255	8.230495809559255	-1.7743228217500815	-1.901152856856548	-1.901152856856548	-0.9260642386579326	-0.9260642386579326	-0.9260642386579326	-0.9260642386579326	8.230495809559255	-1.901152856856548	8.230495809559255	8.230495809559255	0.2152583527348644	0.12149936323867107	8.230495809559255	8.230495809559255	3.0165422614116	-0.0005932012135051972	-1.0563969861999554	-25.14819729258035	-0.3442185435082512	-0.3442185435082512	-0.05868411599580556	-25.14819729258035	8.230495809559255	-0.012444456818003395	1.079601653404814	-0.244912371592231	-4.05348548668591	-0.244912371592231	-90.19495348146643	-1.281140779531778	-1.281140779531778	-1.5341993550285316	-1.5341993550285316	-0.7836501879363758	-0.7836501879363758	1.265173940349009	-1.0563969861999554	1.265173940349009	-2.160270388416149	0.005760601489856707	1.443225855399728	8.230495809559255	-90.19495348146643	-0.011087094802986771	-0.06966456591007807	0.37274838107243113	2.682774897969801	8.230495809559255	-0.3442185435082512	2.2381768858026247
125.Avocado	1.1223552170298208	0.1575164151934076	1.1223552170298208	1.1223552170298208	0.12439640888574306	0.12439640888574306	0.12439640888574306	-0.40614297097166724	-0.40614297097166724	20.281617311799952	1.1078614398534965	1.1078614398534965	0.02419273642605345	0.02419273642605345	0.02419273642605345	0.02419273642605345	-0.40614297097166724	1.1078614398534965	-0.40614297097166724	-0.40614297097166724	-0.5079888987976083	-2.462187139685253	-0.40614297097166724	-0.40614297097166724	-0.7833831198620174	-0.4164534998574706	-0.6650169109178717	-28.279628492549254	-1.6471199147178288	-1.6471199147178288	-0.5938568093086595	-28.279628492549254	-0.40614297097166724	-0.05143737236188994	0.6383654145676037	0.4458720674201616	2.122249895801607	0.4458720674201616	34.79796310871564	-0.45797994820540633	-0.45797994820540633	-0.6822978084477774	-0.6822978084477774	-0.33309443629919966	-0.33309443629919966	1.3188944312876825	-0.6650169109178717	1.3188944312876825	0.6643582099194346	-0.07742415400891582	-0.011416895737569877	-0.40614297097166724	34.79796310871564	0.028737314217955934	1.828673236895038	-0.08117645470401032	-12.318842990202644	-0.40614297097166724	-1.6471199147178288	2.0783053688261672
129.Avocado	31.01487303044938	0.058219652798216254	31.01487303044938	31.01487303044938	0.024273724413210268	0.024273724413210268	0.024273724413210268	-26.88308021531872	-26.88308021531872	-13.25126393193842	-0.33698632537178724	-0.33698632537178724	1.7562977674064528	1.7562977674064528	1.7562977674064528	1.7562977674064528	-26.88308021531872	-0.33698632537178724	-26.88308021531872	-26.88308021531872	0.0025203635646042304	-0.03719811837001373	-26.88308021531872	-26.88308021531872	-2.8607156383385117	-0.007168066715287222	-3.610281418115374	-3.5793482736488422	0.08766731869606018	0.08766731869606018	-0.04321223118933381	-3.5793482736488422	-26.88308021531872	-0.002492796730642676	1.0283334752644449	-0.5100525799861282	-1.9574706929470598	-0.5100525799861282	28.97738026833181	-8.9739080769049	-8.9739080769049	-4.799321787292684	-4.799321787292684	-5.150271577821712	-5.150271577821712	1.1241584278549057	-3.610281418115374	1.1241584278549057	-0.0272980668753617	0.09131770180007101	0.01686792462842326	-26.88308021531872	28.97738026833181	0.03450967584853966	-0.13831646592786306	-0.004908184697206275	-203.74131408893336	-26.88308021531872	0.08766731869606018	2.7263716267376417
131.NoAvocado	-7.719924259267693	-0.39711817640207037	-7.719924259267693	-7.719924259267693	0.04711114287132551	0.04711114287132551	0.04711114287132551	0.11958043683997495	0.11958043683997495	10.936648991619828	1.4263917889085986	1.4263917889085986	0.07502580354963427	0.07502580354963427	0.07502580354963427	0.07502580354963427	0.11958043683997495	1.4263917889085986	0.11958043683997495	0.11958043683997495	-0.06650741422750246	8.3625718924093	0.11958043683997495	0.11958043683997495	0.13098302387849467	0.18695886675577347	0.7229367903751539	-0.918112953516532	32.813451221602335	32.813451221602335	1.097069051521634	-0.918112953516532	0.11958043683997495	0.0238392363805818	1.614661314123429	-0.4215365244219863	-2.4050666974678143	-0.4215365244219863	-16.384868173969657	1.1053236785863536	1.1053236785863536	1.1320122812202575	1.1320122812202575	0.8478904218297404	0.8478904218297404	2.105477457857684	0.7229367903751539	2.105477457857684	-0.5304943712390301	-0.04493777441012719	0.12035331545654256	0.11958043683997495	-16.384868173969657	-0.06103192222130184	0.572778338278944	0.3700370098338094	2.7024323876390604	0.11958043683997495	32.813451221602335	0.9018095386637033
132.NoAvocado	-4.977655329829962	-0.21002988248630877	-4.977655329829962	-4.977655329829962	-0.22545754454853342	-0.22545754454853342	-0.22545754454853342	-0.05197156369252833	-0.05197156369252833	5.928455633612246	0.6281637099419537	0.6281637099419537	0.13752713178348586	0.13752713178348586	0.13752713178348586	0.13752713178348586	-0.05197156369252833	0.6281637099419537	-0.05197156369252833	-0.05197156369252833	0.004426258694214252	-19.241291370722497	-0.05197156369252833	-0.05197156369252833	-0.036428583863820134	-8.441511789093717	-0.04795369522036317	-1.0412311923748918	0.3087772429957466	0.3087772429957466	1.2469702736585133	-1.0412311923748918	-0.05197156369252833	0.005400181122139733	1.2059879522968817	16.44413471820671	0.061086857759440304	16.44413471820671	-4.786996029880959	-0.0565296076482968	-0.0565296076482968	-0.05796973360057115	-0.05796973360057115	-0.048182041902680856	-0.048182041902680856	1.4678255218861953	-0.04795369522036317	1.4678255218861953	0.15560731124576507	0.0347039035563742	-0.02262755775035006	-0.05197156369252833	-4.786996029880959	-0.20889927498537483	0.28971155221981815	0.33207818196362754	3.0113390590337845	-0.05197156369252833	0.3087772429957466	0.42206755472625324
133.NoAvocado	6.183751645013269	-2.19032340760501	6.183751645013269	6.183751645013269	0.12687609435023758	0.12687609435023758	0.12687609435023758	-1.3225093976446907	-1.3225093976446907	0.9899248647925479	4.139306789764516	4.139306789764516	2.760188446061356	2.760188446061356	2.760188446061356	2.760188446061356	-1.3225093976446907	4.139306789764516	-1.3225093976446907	-1.3225093976446907	0.037686654654195434	-0.7561382942011147	-1.3225093976446907	-1.3225093976446907	-4.15964575480716	-0.020278699665808215	-2.738648377908795	-55.61835653390381	-0.413062989355454	-0.413062989355454	0.023154792040577913	-55.61835653390381	-1.3225093976446907	0.012648904815868105	1.5466937538258072	-0.7954611860299754	-1.265423322443978	-0.7954611860299754	-71.36878845465229	-1.7086206842507161	-1.7086206842507161	-2.0547209563540147	-2.0547209563540147	-1.3888311559326734	-1.3888311559326734	0.9001966270571815	-2.738648377908795	0.9001966270571815	-0.579488105379183	-0.02182772122232156	-0.06825749469797629	-1.3225093976446907	-71.36878845465229	-0.01401172727817006	1.7136825175345198	-0.10080888212382043	-9.919760827937075	-1.3225093976446907	-0.413062989355454	11.408684051277595
134.Avocado	-12.65013725912275	-0.5514911678975845	-12.65013725912275	-12.65013725912275	-2.611155853510885	-2.611155853510885	-2.611155853510885	0.49086637574103004	0.49086637574103004	7.4536550720715855	0.632727065763409	0.632727065763409	-0.001736538608625551	-0.001736538608625551	-0.001736538608625551	-0.001736538608625551	0.49086637574103004	0.632727065763409	0.49086637574103004	0.49086637574103004	-0.05785044016787326	2.037214299900585	0.49086637574103004	0.49086637574103004	0.7797327591019241	-2.1396410767669085	3.5992084906245476	1.1603231322458414	258.70662802185296	258.70662802185296	1.4714634656058043	1.1603231322458414	0.49086637574103004	0.21976613687136726	1.9974061708822386	0.263420200488872	4.133076470883469	0.263420200488872	5.653957607813113	-0.3803066962060268	-0.3803066962060268	-2.60898717456068	-2.60898717456068	-1.478043522118722	-1.478043522118722	1.8730287437626028	3.5992084906245476	1.8730287437626028	-0.6812746029707655	-0.3225808446594886	0.7001240931351219	0.49086637574103004	5.653957607813113	0.1768672617244452	3.225730168190541	0.30135371812162093	3.3183595883041934	0.49086637574103004	258.70662802185296	1.0334762702162197
138.Avocado	12.759258930390152	-0.1450424597002677	12.759258930390152	12.759258930390152	-0.05927503917100948	-0.05927503917100948	-0.05927503917100948	-13.242155127040194	-13.242155127040194	2709.08741039603	-8.088429029377641	-8.088429029377641	0.9532268179247184	0.9532268179247184	0.9532268179247184	0.9532268179247184	-13.242155127040194	-8.088429029377641	-13.242155127040194	-13.242155127040194	-0.02980403756842469	-0.07551640880252351	-13.242155127040194	-13.242155127040194	4.561623555012472	-0.04012749454544607	-3.21794961016544	10.551945246472357	0.846951335337718	0.846951335337718	-0.014060568501029876	10.551945246472357	-13.242155127040194	0.03940959444903313	-13.30917923634478	-0.8055166048706306	-1.2855065819353064	-0.8055166048706306	12.576291152836417	-7.420677942450396	-7.420677942450396	-4.310321429555406	-4.310321429555406	-3.4662403844830907	-3.4662403844830907	1.4764164758007525	-3.21794961016544	1.4764164758007525	-0.25810210645662557	-0.15268993728904715	0.03392485258599056	-13.242155127040194	12.576291152836417	0.07951469855836339	-0.2707402118615194	0.060505384786136575	16.527454598208376	-13.242155127040194	0.846951335337718	1.0699029227601602
149.Avocado	661.2739257846334	-21.096556148534262	661.2739257846334	661.2739257846334	0.06062579287712759	0.06062579287712759	0.06062579287712759	0.43510959529909604	0.43510959529909604	-6.6858920499434085	-1.2296783254709551	-1.2296783254709551	1.1672364753907265	1.1672364753907265	1.1672364753907265	1.1672364753907265	0.43510959529909604	-1.2296783254709551	0.43510959529909604	0.43510959529909604	-0.011374274967886896	2.298271540788697	0.43510959529909604	0.43510959529909604	-0.15196561077254933	-0.4916381769506527	-0.3722712664885381	-14.93556304497128	-0.14750785639970382	-0.14750785639970382	-0.6787465769837362	-14.93556304497128	0.43510959529909604	-0.00807644115700121	1.6379607502638636	-0.2505003858223874	-3.976134317422156	-0.2505003858223874	83.17012429090268	-0.14521524415061168	-0.14521524415061168	-0.16127920758414838	-0.16127920758414838	-0.07082256366080612	-0.07082256366080612	0.4492915192386949	-0.3722712664885381	0.4492915192386949	-0.08018180163585666	0.1007266111789323	-0.01257024169436424	0.43510959529909604	83.17012429090268	0.012023548221502204	0.3065688682391158	0.4758571596339315	2.1014709556314806	0.43510959529909604	-0.14750785639970382	1.2508465052431386
152.NoAvocado	2.0244247462383598	0.19913324601758028	2.0244247462383598	2.0244247462383598	0.09206783847764684	0.09206783847764684	0.09206783847764684	-1.1989521898262065	-1.1989521898262065	-6.167216337183993	-2.02738448830597	-2.02738448830597	0.4628899338932851	0.4628899338932851	0.4628899338932851	0.4628899338932851	-1.1989521898262065	-2.02738448830597	-1.1989521898262065	-1.1989521898262065	-0.04069170171158505	-0.8340616152049852	-1.1989521898262065	-1.1989521898262065	-0.5069194393545927	0.008251127917079803	-24.274264989460324	-87.47198754841793	-0.7135324289101243	-0.7135324289101243	-0.6157587997463428	-87.47198754841793	-1.1989521898262065	-0.053544520492011	4.06054242866832	5.9581860881468485	0.17484971162912344	5.9581860881468485	1.1457932880246091	2.4134491769173594	2.4134491769173594	2.2271030441899202	2.2271030441899202	1.1055878903342766	1.1055878903342766	0.03661623677410897	-24.274264989460324	0.03661623677410897	-0.13661230607648678	0.3919450745676775	-10.981554769119434	-1.1989521898262065	1.1457932880246091	0.8727577744184885	-0.0689969729571961	14.976440262589842	0.06677154133201693	-1.1989521898262065	-0.7135324289101243	0.12848904322533872
155.Avocado	3.4590223455077576	0.058311764479336135	3.4590223455077576	3.4590223455077576	0.8486313510476734	0.8486313510476734	0.8486313510476734	1.8486961773253698	1.8486961773253698	3.9707365957769403	1.7488586474447811	1.7488586474447811	-0.11155131786622136	-0.11155131786622136	-0.11155131786622136	-0.11155131786622136	1.8486961773253698	1.7488586474447811	1.8486961773253698	1.8486961773253698	0.16273638750146435	0.5409217654394491	1.8486961773253698	1.8486961773253698	1.1170293570849703	0.06434188710068417	18.790639962402192	2.106770413023625	-2.2748372531239345	-2.2748372531239345	0.09238172607648906	2.106770413023625	1.8486961773253698	0.25195401557134606	2.63607352554007	0.23170335133206857	4.588463433740851	0.23170335133206857	21.963629546397716	4.071435898566423	4.071435898566423	5.597141518585864	5.597141518585864	3.616504533862173	3.616504533862173	0.2965257661440284	18.790639962402192	0.2965257661440284	1.2790689224183902	0.1969823604931045	0.06652777583654271	1.8486961773253698	21.963629546397716	0.04552981545638987	3.1017067158709186	0.08294427611571387	12.056287025821051	1.8486961773253698	-2.2748372531239345	1.3298606500325862
160.NoAvocado	-2.6370439284097897	-0.1764664194090276	-2.6370439284097897	-2.6370439284097897	1.714528475361672	1.714528475361672	1.714528475361672	-0.09221123535080734	-0.09221123535080734	10.91970451563063	1.2017944506193776	1.2017944506193776	0.011787406378853775	0.011787406378853775	0.011787406378853775	0.011787406378853775	-0.09221123535080734	1.2017944506193776	-0.09221123535080734	-0.09221123535080734	-1.6508417660108674	-10.844665470488621	-0.09221123535080734	-0.09221123535080734	-0.09243797536677041	-0.08650721115263929	-0.47513190868033556	556.5049598409566	0.3812529975141176	0.3812529975141176	0.07213562989789359	556.5049598409566	-0.09221123535080734	0.07521638025957875	2.0492933712498855	5.43749436545248	0.19052850336695876	5.43749436545248	5.092495946888525	-0.3654291817993426	-0.3654291817993426	-0.39297793383818014	-0.39297793383818014	-0.13717942704803265	-0.13717942704803265	1.2381792975260748	-0.47513190868033556	1.2381792975260748	-3.835747204619068	-0.019609316320168855	0.11903964103865984	-0.09221123535080734	5.092495946888525	0.19636736296491156	1.4899014288835952	0.19232209345224321	5.19961062221027	-0.09221123535080734	0.3812529975141176	0.80530708847049
161.Avocado	-39.49417141558942	-3.179334917975049	-39.49417141558942	-39.49417141558942	0.08338275439488646	0.08338275439488646	0.08338275439488646	0.647874321721157	0.647874321721157	6.247780899746515	1.6130936748715679	1.6130936748715679	0.2856123425543521	0.2856123425543521	0.2856123425543521	0.2856123425543521	0.647874321721157	1.6130936748715679	0.647874321721157	0.647874321721157	0.8001830959420804	1.5435092370127872	0.647874321721157	0.647874321721157	0.6247117007779253	0.04548404604597532	1.676061296955509	-1.7065876360928924	-5.357775222127845	-5.357775222127845	0.289588188512008	-1.7065876360928924	0.647874321721157	0.03532570499370796	3.2720949374672617	0.9694529524233318	1.0403192982083014	0.9694529524233318	16.961329539364197	1.8714318938004215	1.8714318938004215	2.264983552529729	2.264983552529729	2.498665170029414	2.498665170029414	1.4503059781286063	1.676061296955509	1.4503059781286063	-1.0113948890959914	-0.034927707638786776	0.3308821102336113	0.647874321721157	16.961329539364197	0.058957642305055145	0.6292812996442874	-0.0002208378819679777	-4528.208616604119	0.647874321721157	-5.357775222127845	1.0252011697407866
162.Avocado	56.053753154325236	-0.24129186369003247	56.053753154325236	56.053753154325236	1.482622490305964	1.482622490305964	1.482622490305964	-0.6009485580330325	-0.6009485580330325	3.1470764047491886	0.5927045904462793	0.5927045904462793	-0.0011615752110022033	-0.0011615752110022033	-0.0011615752110022033	-0.0011615752110022033	-0.6009485580330325	0.5927045904462793	-0.6009485580330325	-0.6009485580330325	-0.387216284246454	-1.6640359422329003	-0.6009485580330325	-0.6009485580330325	-0.6774460178751222	-0.21406239785021933	-0.8801523268549635	-1.9992036275414606	-1.290462402838941	-1.290462402838941	-0.339673697638766	-1.9992036275414606	-0.6009485580330325	0.051855294238246356	1.0520939391175714	1.0727646264025095	0.9563376421151508	1.0727646264025095	3.900916216351029	-0.9691206018972975	-0.9691206018972975	-0.6077466560124054	-0.6077466560124054	-0.7631289140689153	-0.7631289140689153	1.9841850984304317	-0.8801523268549635	1.9841850984304317	9.15795529497288	0.0056623222726050575	-1.231297438790851	-0.6009485580330325	3.900916216351029	0.25635003279701657	0.47033447279331647	0.7613425956903438	1.313469134211852	-0.6009485580330325	-1.290462402838941	6.6441764603015345
166.NoAvocado	188.48219323169837	16.445559806630346	188.48219323169837	188.48219323169837	-0.6122555910419849	-0.6122555910419849	-0.6122555910419849	13.004164445077315	13.004164445077315	-0.4626221547586568	-0.06939701413185642	-0.06939701413185642	19.695243026952507	19.695243026952507	19.695243026952507	19.695243026952507	13.004164445077315	-0.06939701413185642	13.004164445077315	13.004164445077315	-0.08139540122047076	0.0768984431274665	13.004164445077315	13.004164445077315	1.8103596067139784	-0.013895788406929616	9.16830834557229	-0.4045661231579075	6.647075138227666	6.647075138227666	0.02738835510716869	-0.4045661231579075	13.004164445077315	-0.0960188384509217	0.8755846385590814	0.0067398193000892045	134.36994583171017	0.0067398193000892045	-2179.9263187412917	-4.293054849914577	-4.293054849914577	-10.349770402790845	-10.349770402790845	7.564383626159177	7.564383626159177	-0.36409810424270783	9.16830834557229	-0.36409810424270783	-3.834986236382825	0.02503759662550629	0.034464646734233106	13.004164445077315	-2179.9263187412917	-0.00045873110086464236	4.435814335862681	0.0301289910316637	33.19062357412042	13.004164445077315	6.647075138227666	4.262441630731651
167.NoAvocado	7.6775009167891115	-0.09707689666722846	7.6775009167891115	7.6775009167891115	0.1411840210523093	0.1411840210523093	0.1411840210523093	0.8159396366430889	0.8159396366430889	-12.036971482647292	-7.028581357391298	-7.028581357391298	0.24840400981112865	0.24840400981112865	0.24840400981112865	0.24840400981112865	0.8159396366430889	-7.028581357391298	0.8159396366430889	0.8159396366430889	-0.004045391503154203	1.225580858057302	0.8159396366430889	0.8159396366430889	0.4424095906789659	0.006257001424781005	1.8095953159958997	3.207789559094542	0.9627943643413936	0.9627943643413936	0.07592417741101395	3.207789559094542	0.8159396366430889	0.010784103474511109	2.728190932555633	-0.09665207425062801	-10.41503732181446	-0.09665207425062801	-478.96743454433107	3.293168102617382	3.293168102617382	2.7453275852137584	2.7453275852137584	2.3509560036848254	2.3509560036848254	1.8476856579114738	1.8095953159958997	1.8476856579114738	0.13377041087257646	0.08061650856992246	-0.0063027713713816646	0.8159396366430889	-478.96743454433107	-0.002087824615782818	-0.34887588577806455	0.5793551963453891	1.7260568409639996	0.8159396366430889	0.9627943643413936	0.3492206477109708
169.Avocado	25.18452283220622	1.027699784189661	25.18452283220622	25.18452283220622	0.4454251191186778	0.4454251191186778	0.4454251191186778	0.0546103361405532	0.0546103361405532	340.6901938017496	0.7130768968679048	0.7130768968679048	-0.07792239637191468	-0.07792239637191468	-0.07792239637191468	-0.07792239637191468	0.0546103361405532	0.7130768968679048	0.0546103361405532	0.0546103361405532	-1.0826588144714386	18.311551817338255	0.0546103361405532	0.0546103361405532	0.07413989660965659	2.114745992252662	0.0440489527128125	2.761205884331141	-44.06010269724077	-44.06010269724077	7.450325919402855	2.761205884331141	0.0546103361405532	0.06713873884015592	0.936462192138455	0.16891991028417463	6.162163620353935	0.16891991028417463	43.883109628166636	0.02480717474619803	0.02480717474619803	0.02760858979852793	0.02760858979852793	0.055150015408285916	0.055150015408285916	1.522462343652337	0.0440489527128125	1.522462343652337	-2.352923342420825	-0.02853418028106247	-0.22851617985436212	0.0546103361405532	43.883109628166636	0.022787810810885288	0.3596036747199332	0.019926531634403537	50.18434810167771	0.0546103361405532	-44.06010269724077	0.8456336667196213
170.Avocado	-34.68772581096743	0.261038788766894	-34.68772581096743	-34.68772581096743	-0.17846746189831686	-0.17846746189831686	-0.17846746189831686	1.5389478909494887	1.5389478909494887	-2.8795916577126497	-0.8581041779275006	-0.8581041779275006	1.9867190843526634	1.9867190843526634	1.9867190843526634	1.9867190843526634	1.5389478909494887	-0.8581041779275006	1.5389478909494887	1.5389478909494887	0.039204749962362506	0.6497945810127641	1.5389478909494887	1.5389478909494887	1.0275636419971894	0.04239440894072009	-2.6318569876639213	5.451193850028498	-0.3616349870020201	-0.3616349870020201	0.06833138576828338	5.451193850028498	1.5389478909494887	0.06065222633616577	3.853454084384054	10.995517386017404	0.09205201076453534	10.995517386017404	1.9680874685319836	-1.3566581658315064	-1.3566581658315064	-1.4960652287061915	-1.4960652287061915	-0.9396258748780595	-0.9396258748780595	1.0710354485809812	-2.6318569876639213	1.0710354485809812	0.49473359906043585	0.12259572919921413	-0.16432350109106908	1.5389478909494887	1.9680874685319836	0.5081074982637384	-0.28899601051658963	-0.21414229053667883	-4.669792209160654	1.5389478909494887	-0.3616349870020201	1.9735675839127045
174.Avocado	7.187337009336632	0.12662444563968858	7.187337009336632	7.187337009336632	-1.3498738600276792	-1.3498738600276792	-1.3498738600276792	1.1316774869936366	1.1316774869936366	-12.16172563707542	1.1102184676915259	1.1102184676915259	0.011464246572588554	0.011464246572588554	0.011464246572588554	0.011464246572588554	1.1316774869936366	1.1102184676915259	1.1316774869936366	1.1316774869936366	-0.015749692843527105	0.8836439811633569	1.1316774869936366	1.1316774869936366	0.7581478652552368	0.033657661292053914	7.426095686018029	-0.9885473925585246	-0.5801487440547615	-0.5801487440547615	0.08561109115200355	-0.9885473925585246	1.1316774869936366	-1.1059107412289575	6.248743478690077	-0.7296873646883165	-1.4780805580749388	-0.7296873646883165	-19.558981548113604	10.168773185420543	10.168773185420543	9.562154589334163	9.562154589334163	-7.9148476200231395	-7.9148476200231395	0.7936756217535875	7.426095686018029	0.7936756217535875	4.540424939343884	-0.2435698763888755	0.1611654534681079	1.1316774869936366	-19.558981548113604	-0.05112740648280056	-2.755665076974428	-0.22294461964402837	-4.4854188524337655	1.1316774869936366	-0.5801487440547615	1.349768821735646
175.NoAvocado	-101.18835962008603	-0.2046435030641031	-101.18835962008603	-101.18835962008603	-0.21373221828994932	-0.21373221828994932	-0.21373221828994932	0.635111740617801	0.635111740617801	-80.66032665948396	-1.1072934478037706	-1.1072934478037706	4.841669730243381	4.841669730243381	4.841669730243381	4.841669730243381	0.635111740617801	-1.1072934478037706	0.635111740617801	0.635111740617801	-0.33768862432933183	1.5745260810755226	0.635111740617801	0.635111740617801	0.6111690476657898	-0.04125612160736206	59.941943286387605	-5.143971910408137	0.45146588637647755	0.45146588637647755	0.26401913123130505	-5.143971910408137	0.635111740617801	0.03606230671388572	-0.476509845946983	-0.07454288235152816	-12.911886583733462	-0.07454288235152816	2013.7798944331619	-2.165587135776537	-2.165587135776537	-1.869456603950885	-1.869456603950885	-1.4805534236577882	-1.4805534236577882	-0.04284845543460516	59.941943286387605	-0.04284845543460516	-0.6191318247944195	-0.05824657249021253	0.5218370283725436	0.635111740617801	2013.7798944331619	0.0004965785996594626	3.4870678467677574	-0.012203963821902605	-81.94059033551768	0.635111740617801	0.45146588637647755	2.557129550140785
183.Avocado	6.944951108814532	1.0233788747455188	6.944951108814532	6.944951108814532	-0.39789158901990124	-0.39789158901990124	-0.39789158901990124	1.3245334938618838	1.3245334938618838	15.734218404602219	2.911631125609158	2.911631125609158	0.09246915974591677	0.09246915974591677	0.09246915974591677	0.09246915974591677	1.3245334938618838	2.911631125609158	1.3245334938618838	1.3245334938618838	-0.0334397469396088	0.7549827955534323	1.3245334938618838	1.3245334938618838	1.450334901192528	0.008189991349964596	2.2607066036127104	-0.9583475575241093	0.19120648065707577	0.19120648065707577	0.0980321498307781	-0.9583475575241093	1.3245334938618838	0.01985285338321635	1.6264684396140558	11.447257743379092	0.08795186756944688	11.447257743379092	1.159033964140227	1.4619870347408406	1.4619870347408406	1.9599629993299252	1.9599629993299252	2.1546249953166434	2.1546249953166434	1.0905970178923814	2.2607066036127104	1.0905970178923814	-9.450823561450816	-0.0021006479757165945	-0.4397178652200047	1.3245334938618838	1.159033964140227	0.8627874859058176	0.4984471792644808	-0.06010638119810036	-16.637168634461137	1.3245334938618838	0.19120648065707577	1.9886337323873786
186.NoAvocado	-55.884348287568265	-4.674683042616005	-55.884348287568265	-55.884348287568265	0.11950404465182543	0.11950404465182543	0.11950404465182543	-0.13263578538281315	-0.13263578538281315	2.5830169282478295	0.6668161728305213	0.6668161728305213	0.12160257499208482	0.12160257499208482	0.12160257499208482	0.12160257499208482	-0.13263578538281315	0.6668161728305213	-0.13263578538281315	-0.13263578538281315	0.906277150671565	-7.539443424817835	-0.13263578538281315	-0.13263578538281315	-0.12939190005090714	-0.228208680713868	-0.3796568781889241	-17.503250056143028	3.1136019639306007	3.1136019639306007	0.05387923410461473	-17.503250056143028	-0.13263578538281315	0.05382043958672271	2.0247400804960725	-4.369908762125893	-0.2311272806348538	-4.369908762125893	-14.051664474608058	-0.10614833340787948	-0.10614833340787948	-0.310433008060135	-0.310433008060135	-0.1604305200480826	-0.1604305200480826	2.3713576089681436	-0.3796568781889241	2.3713576089681436	-0.6931681302474035	-0.07764413457311328	1.5757695190816838	-0.13263578538281315	-14.051664474608058	-0.07116594634087951	7.062955452855352	-0.0001950569576101423	-5126.707666581608	-0.13263578538281315	3.1136019639306007	-1.7564193257076244
