Feature,Importance
MAR04410B,0.07857049221071215
MAR04410F,0.07483316830815101
MAR04408F,0.07438414624117134
MAR04408B,0.07086143047604039
MAR04791,0.03522315346880445
MAR04424,0.028698762418553025
MAR06601,0.02728858089480274
MAR04788,0.022993228262812828
MAR03686,0.010368196930704838
MAR04789,0.009363188701499213
MAR07703,0.009035910838188728
MAR04787,0.008675600056717745
MAR07702F,0.008263066758768355
MAR07702B,0.008141366133514388
MAR08779,0.0074052287323959146
MAR07704,0.007209974431819491
MAR07706,0.006889953045828079
MAR03540,0.006163807375014478
MAR06768,0.005818244720357533
MAR00168B,0.005714222599725695
MAR00168F,0.005052570135188168
MAR03732,0.004806930921338589
MAR08780,0.004581567671695105
MAR06708F,0.004253883531186164
MAR03778,0.003824505083492867
MAR06780,0.0037284623647029663
MAR04663B,0.003698263083235994
MAR09943,0.0036000871341341804
MAR03712,0.0033707677590316515
MAR11544,0.0033364560062863237
MAR06708B,0.003135309343434343
MAR04415,0.0028939885505484242
MAR08484,0.0028742352204039513
MAR06476,0.00285337630404726
MAR08764,0.002837919790083218
MAR04603B,0.0027224853391649055
MAR03566,0.002672042234726058
MAR00165F,0.002580721862071721
MAR11305,0.0025770373012744337
MAR06477,0.0025221162608413342
MAR00171F,0.002520327477942763
MAR04416,0.002506884278186799
MAR11545,0.002409696143210075
MAR04664,0.002352301048624578
MAR00646,0.002262052467410716
MAR08975,0.0022525789116208663
MAR08775,0.0022287119237327036
MAR08981B,0.0022222369370395686
MAR05244,0.0022205621451083474
MAR00165B,0.002219145392964466
MAR06602F,0.0022181284626569212
MAR03661,0.002174473946195855
MAR11078B,0.0021158774386947758
MAR06605B,0.002067825211710661
MAR07744F,0.002046361549207835
MAR00171B,0.0020326123750935778
MAR10460,0.002028926834164192
MAR06571,0.00201841911671633
MAR11105F,0.002006766601745593
MAR11144F,0.0019920288776742578
MAR07312,0.0019898120007930376
MAR08778,0.001980758369753585
MAR08582,0.0019795920718714832
MAR06605F,0.001971544460011952
MAR07744B,0.0019499788824866222
MAR04417,0.0019094996610880069
MAR04575B,0.0018579594009436521
MAR08341,0.001815888000888001
MAR06562,0.0017969295761009563
MAR03691,0.001758340458990614
MAR11082F,0.0017557235023454268
MAR06611B,0.0016879779942279942
MAR04518,0.0016707891425801094
MAR12038,0.0016653397116422326
MAR04579B,0.0016495731306876817
MAR04579F,0.0016096090615733472
MAR04425,0.001587897842897843
MAR09518B,0.0015872273072930966
MAR02786B,0.0015748469540237575
MAR06607B,0.00156930289209701
MAR00397B,0.001523262439744638
MAR04776,0.0015038461837547554
MAR07318,0.0014946969696969696
MAR08637,0.0014944917582417584
MAR07320,0.001446139874218918
MAR03595,0.0014260869903516959
MAR00649,0.0014146491228070176
MAR03646,0.0014057702850877193
MAR03625,0.0014004455756965375
MAR03557,0.0013972804570252678
MAR08580,0.0013895283329744639
MAR02802F,0.001387998536121601
MAR03547,0.0013562543546458991
MAR04680B,0.0013467410040939453
MAR03635,0.0013201439323844168
MAR03777,0.0013191434468524253
MAR11184F,0.0013141220522972503
MAR01616F,0.00130330088900323
MAR07311,0.0012632644339787196
MAR02973B,0.0012556068581278668
MAR03739,0.001254809714576921
MAR03734,0.001250151731492192
MAR11045F,0.001243968253968254
MAR00610,0.0012419334677545993
MAR11105B,0.00123036503490285
MAR03813F,0.0012221397510871195
MAR06540,0.0011986041748741978
MAR04519,0.001188930324921037
MAR01565,0.0011821373881413684
MAR00268,0.0011812768749043258
MAR03940,0.0011683239577882434
MAR03553,0.001163013156434209
MAR03580,0.001154902882205514
MAR00196F,0.0011535675884160731
MAR04482,0.0011440741800152557
MAR04560,0.0011344378574641733
MAR10991F,0.001130609083494459
MAR02027F,0.0011265005147358088
MAR03741,0.0011219457013574659
MAR04087,0.0010996707400909083
MAR01475,0.0010750631313131312
MAR03572,0.0010704999575587811
MAR04663F,0.0010636574822236585
MAR03709,0.001054228369669546
MAR03779,0.0010512448657047488
MAR04577B,0.0010433760683760684
MAR11082B,0.0010324481074481075
MAR03643,0.0010259154907592406
MAR03813B,0.0010227309727309727
MAR03167,0.0010165849673202615
MAR00648,0.001015535821086808
MAR07197,0.0010054154995331468
MAR04689,0.0010024350743855388
MAR07396,0.0009996178984414278
MAR07289,0.0009966971403946195
MAR03544,0.00099593837535014
MAR06611F,0.0009911477411477412
MAR04139F,0.0009787941809652337
MAR00748,0.0009735800987061489
MAR03563,0.0009628374480696461
MAR00804,0.0009601646056149733
MAR04520,0.0009569373181965093
MAR07324,0.0009457929325576383
MAR02749B,0.0009343949759390935
MAR01616B,0.0009321637426900584
MAR03670,0.0009307671138630891
MAR01834F,0.0009281793114973262
MAR00267F,0.0009279409000442282
MAR03722,0.0009159408939014202
MAR02500B,0.000911524749760044
MAR03658,0.0009018229166666667
MAR03690,0.0008950585018696474
MAR03765,0.0008950226244343892
MAR07457,0.0008944313262495081
MAR02341,0.0008925925925925926
MAR03640,0.0008888468720821662
MAR03636,0.0008883650519031142
MAR06709F,0.0008845338135254102
MAR00397F,0.000883103677959038
MAR11061F,0.0008821643936681529
MAR03564,0.0008820711179208527
MAR02437,0.0008774743230625583
MAR00332,0.0008762074829931974
MAR02439,0.000875284802916382
MAR04680F,0.0008748475466741721
MAR00088,0.0008740180367018603
MAR08426,0.0008679425204425205
MAR07424,0.0008660478238117992
MAR09537,0.0008659064247299541
MAR03742,0.0008647837370242215
MAR02457,0.0008575848464385756
MAR01784,0.0008572682998819362
MAR03538,0.0008483220739276102
MAR03720,0.0008465608465608465
MAR03713,0.0008352272727272727
MAR03715,0.0008352272727272727
MAR03585,0.000823884938590821
MAR03731,0.0008230936819172113
MAR03588,0.0008221510297482839
MAR03562,0.0008167927170868348
MAR10990F,0.0008086900350251743
MAR03698,0.0008076072534276869
MAR08743F,0.0007984477124183007
MAR04812F,0.0007883875425170068
MAR11072B,0.0007870548219287715
MAR03552,0.0007840598227595131
MAR07293,0.0007819969933747022
MAR04254B,0.0007789949988092404
MAR00238,0.0007728180986099538
MAR07486,0.000769242723088877
MAR11085B,0.0007682091346153847
MAR01346,0.0007652759368445643
MAR08539,0.0007629112157683586
MAR12154,0.0007611091081015893
MAR04212,0.0007583333333333333
MAR06924,0.000758216370345023
MAR07626,0.0007577904892378576
MAR05234,0.0007563025210084033
MAR11124B,0.0007563025210084033
MAR07288,0.0007553537829273122
MAR11156F,0.0007521367521367522
MAR04709B,0.00074796550199027
MAR09942,0.0007465546218487394
MAR03725,0.0007457377181641886
MAR04345F,0.000744195262684846
MAR06725B,0.0007428798185941043
MAR11156B,0.0007398802790346908
MAR09464,0.0007374784529196293
MAR03716,0.0007363636363636363
MAR02456,0.0007338528138528136
MAR03546,0.0007337550575785871
MAR08108,0.0007325168610772326
MAR11056B,0.0007238095238095238
MAR11171B,0.0007156862745098041
MAR03663,0.0007070707070707071
MAR08435,0.0007070707070707071
MAR00197,0.0007066245742561533
MAR03555,0.0007036424291938998
MAR03641,0.0006986208236208235
MAR11113B,0.0006969576719576722
MAR11147F,0.0006886591478696742
MAR10987F,0.0006882458597474077
MAR07756,0.0006877684407096172
MAR02966B,0.0006868421052631579
MAR03263F,0.0006850678733031677
MAR06607F,0.0006849185114402507
MAR07533,0.000683548835135077
MAR06603F,0.0006819088319088319
MAR03674,0.0006814142728616412
MAR03637,0.0006798534798534799
MAR00327B,0.0006785369772985872
MAR12036,0.0006739439168304096
MAR00681,0.0006712962962962962
MAR03673,0.0006712225274725274
MAR03802B,0.0006702722114486821
MAR02948B,0.0006701913875598087
MAR03649,0.0006667905056759548
MAR04812B,0.0006648567119155354
MAR04034,0.0006602488283989833
MAR03711,0.000649209515974222
MAR10981F,0.0006478024104378594
MAR08981F,0.0006477732793522267
MAR08607,0.0006477732793522267
MAR07310,0.0006477732793522267
MAR04303,0.0006460670194003526
MAR03704,0.0006410191284885761
MAR04687B,0.00063812487714384
MAR03688,0.0006375
MAR08755,0.000632710862122627
MAR02200,0.0006324036281179137
MAR04651B,0.0006321523132664435
MAR06539,0.0006308608058608058
MAR00613,0.0006308608058608058
MAR04537,0.0006283333333333333
MAR03567,0.000628331912475135
MAR06606B,0.0006281960227272727
MAR09940B,0.0006262854792266557
MAR11016F,0.0006252759936277943
MAR01526,0.0006235792873926934
MAR00284,0.0006233766233766232
MAR00051,0.0006233766233766232
MAR04318,0.0006199262950275095
MAR06923,0.0006192060390589802
MAR03684,0.0006182038199895342
MAR03723,0.0006180431768667064
MAR03594,0.0006180431768667064
MAR11134F,0.0006180431768667062
MAR11131B,0.000617933129340182
MAR03653,0.000616536989097085
MAR02991F,0.000616446780732495
MAR03586,0.0006061728395061729
MAR07467,0.0006045454545454546
MAR07316,0.0006026163379104556
MAR07388,0.0006024951519069166
MAR03699,0.0006019874861980125
MAR01932,0.0006007744940925089
MAR07305,0.0005989926739926741
MAR11188B,0.0005986338569518718
MAR08110,0.0005967763323278029
MAR00690,0.0005895906432748538
MAR09944,0.0005890397184514831
MAR03677,0.0005879227716727717
MAR03683,0.0005878073451602863
MAR04344B,0.0005858112475759534
MAR03569,0.0005852842146959794
MAR11028B,0.0005797019596793352
MAR04284,0.0005787815126050421
MAR03681,0.0005782738095238096
MAR01833B,0.0005782738095238096
MAR04350F,0.0005782301032301032
MAR06983,0.0005774487920168068
MAR11079F,0.0005769706941899457
MAR00453B,0.0005768629807692306
MAR03596,0.000575735294117647
MAR01649,0.0005756181318681318
MAR04412B,0.0005736263736263736
MAR11184B,0.0005736263736263736
MAR09932,0.0005735294117647059
MAR09952B,0.0005735294117647059
MAR11078F,0.0005703703703703704
MAR04649,0.0005702375950380151
MAR07420,0.0005693180916091132
MAR11113F,0.0005675089772751205
MAR03655,0.0005674933862433862
MAR03638,0.000554297206061912
MAR05336B,0.0005541429330903015
MAR02802B,0.000553846153846154
MAR07662,0.000553846153846154
MAR03587,0.0005532289055973267
MAR03714,0.000551288790574505
MAR04414,0.0005454644368789108
MAR03561,0.0005396825396825397
MAR03419B,0.0005396825396825397
MAR00267B,0.0005246880570409982
MAR11070F,0.0005206611570247933
MAR03263B,0.0005202571410820398
MAR11065B,0.0005200628698224852
MAR06348,0.0005195070212371251
MAR04427,0.0005146381396381398
MAR00228,0.0005087719298245613
MAR11031B,0.0005084415584415586
MAR11029B,0.0005071092764591216
MAR00660,0.0005064094147274294
MAR03890,0.0005051268027872306
MAR04200,0.0005048582995951418
MAR03832,0.0005034722222222222
MAR11171F,0.0004979395604395605
MAR04046,0.0004956521739130435
MAR08217,0.0004955517744287798
MAR00737B,0.0004901484680896446
MAR12140,0.0004900462962962964
MAR04686B,0.00048768786360698117
MAR03634,0.0004853641456582633
MAR11177F,0.0004853641456582633
MAR09946,0.00048399579678362576
MAR11180B,0.00048214285714285715
MAR11136B,0.00048103174603174613
MAR06967F,0.00047969924812030066
MAR09558,0.0004785894689621397
MAR08109,0.00047851015406162465
MAR11192F,0.00047769282902554965
MAR03541,0.0004763621794871795
MAR11035B,0.00047304258241758244
MAR03657,0.0004706407563025211
MAR01924,0.0004705528846153846
MAR03571,0.0004704099821746881
MAR03786,0.0004698135198135199
MAR08548B,0.0004687326388888889
MAR10981B,0.0004685419748520709
MAR02455,0.0004672517297517297
MAR00341F,0.00046178978849433395
MAR04603F,0.00046031746031746033
MAR04302,0.00045789473684210527
MAR11074B,0.0004530325443786983
MAR04191,0.00044615384615384607
MAR11202B,0.0004434151785714286
MAR08210,0.00044159813596491226
MAR07251,0.0004402834008097166
MAR02944F,0.0004372852805089648
MAR03582,0.00043615234667866254
MAR06791,0.0004360902255639098
MAR04174,0.0004360902255639098
MAR00055,0.00043609022556390976
MAR00651,0.00042962962962962963
MAR11186F,0.0004296296296296296
MAR00398,0.00042736842105263164
MAR11005F,0.0004264705882352941
MAR11173B,0.0004264705882352941
MAR05257,0.0004264705882352941
MAR08237,0.0004264705882352941
MAR07313,0.00042647058823529405
MAR07605,0.00042647058823529405
MAR11102B,0.0004242835595776772
MAR10983B,0.0004214870392601484
MAR00180B,0.0004194994343891402
MAR00725F,0.0004111090663722243
MAR03550,0.00040744152046783623
MAR11192B,0.00040673964322571145
MAR01776,0.000404421768707483
MAR11203B,0.000404201127819549
MAR08139,0.0004031999189893927
MAR01781,0.00039857775093843215
MAR11146B,0.000397895622895623
MAR04300,0.0003954545454545454
MAR11088F,0.00039376456876456887
MAR03654,0.00039220713926596274
MAR02507B,0.0003914792924080849
MAR09945,0.0003865180058951685
MAR03570,0.0003845141700404859
MAR11467F,0.00038261725742928755
MAR11140F,0.00038261725742928755
MAR03554,0.00038202520065265164
MAR11137F,0.0003809732664995823
MAR02504F,0.00038032933761739985
MAR11132B,0.00038007122306657915
MAR04777,0.000379225051264525
MAR06967B,0.00037845899040231016
MAR04141F,0.0003768600680365387
MAR03548,0.00037684715759582065
MAR11123F,0.00037662337662337667
MAR04139B,0.0003758907054724724
MAR08403,0.00037501663030710565
MAR11011B,0.00037493872549019614
MAR06722F,0.0003740079365079365
MAR03912B,0.0003732238962018374
MAR11185B,0.000373159773713407
MAR11205B,0.0003729248366013072
MAR03899F,0.0003726371381886088
MAR11188F,0.00037113095238095243
MAR11175B,0.0003709001782531195
MAR12014B,0.0003705555555555556
MAR03543,0.00037023270846800265
MAR00786,0.00036913919413919424
MAR04310,0.00036871227757450666
MAR06606F,0.0003684752747252748
MAR10994B,0.00036825396825396835
MAR11217F,0.00036780267662620605
MAR03827B,0.00036730625583566767
MAR08572,0.0003672077922077923
MAR11038F,0.00036716956654456656
MAR11207F,0.0003651802571485829
MAR02177,0.00036515704797438544
MAR02027B,0.0003630378976733143
MAR03650,0.00036250000000000003
MAR09817,0.00036250000000000003
MAR03791,0.0003624999999999999
MAR00328,0.00036216712580348947
MAR03652,0.00036158873805932626
MAR00737F,0.0003594624601977543
MAR02487F,0.00035913312693498453
MAR00196B,0.00035833943833943826
MAR03809F,0.0003522267206477733
MAR08683,0.0003522267206477733
MAR11111B,0.00035222672064777325
MAR03724,0.00035222672064777325
MAR03733,0.00035222672064777325
MAR03750B,0.00035181405895691616
MAR07461,0.00035090354090354094
MAR07392,0.00034923629370776655
MAR11068B,0.00034855769230769234
MAR12993,0.0003485576923076923
MAR08682F,0.0003485576923076923
MAR06970B,0.0003485576923076923
MAR11194B,0.0003465919701213819
MAR11020B,0.0003452380952380953
MAR11170B,0.0003452380952380953
MAR11042F,0.0003452380952380953
MAR08574,0.0003411764705882353
MAR03687,0.0003411764705882353
MAR04577F,0.0003411764705882353
MAR11037B,0.0003411764705882353
MAR11020F,0.0003411764705882353
MAR03549,0.0003411764705882352
MAR03648,0.0003411764705882352
MAR03845B,0.0003411764705882352
MAR11050F,0.00033984375
MAR11100F,0.00033984375
MAR03559,0.00033984375
MAR10988F,0.00033984375
MAR03628,0.00033984375
MAR04152B,0.0003379953379953381
MAR06738F,0.00033799533799533805
MAR00706,0.0003366071428571429
MAR03728,0.0003366071428571429
MAR02639F,0.0003366071428571429
MAR03705,0.0003366071428571429
MAR11012F,0.0003366071428571429
MAR12050,0.0003366071428571429
MAR00779,0.00033660714285714283
MAR08993B,0.00033660714285714283
MAR11146F,0.0003351250601250602
MAR07913,0.0003350840336134454
MAR11042B,0.0003350840336134454
MAR04418F,0.0003350840336134454
MAR08218,0.0003350840336134454
MAR03726,0.00033461538461538454
MAR02507F,0.00033352187028657613
MAR03048B,0.00032955068667142975
MAR02749F,0.0003256140350877194
MAR02440,0.0003236607142857143
MAR04490,0.00032111568986568993
MAR04461B,0.0003191534391534391
MAR05147,0.00031521739130434777
MAR12053,0.0003149321266968326
MAR09797,0.0003149321266968326
MAR11109B,0.00031493212669683247
MAR08549B,0.00030662593984962416
MAR06518,0.00030083905415713186
MAR07577,0.0003007407407407407
MAR01831,0.0002980555555555554
MAR01347F,0.0002942370129870131
MAR03671,0.0002930040197897342
MAR05263,0.000292929292929293
MAR07135,0.000292929292929293
MAR11066B,0.00028835227272727264
MAR11110B,0.0002847923681257015
MAR11137B,0.00028405264768901133
MAR11178B,0.0002828598484848485
MAR04050F,0.0002824797684446808
MAR08088F,0.00028196675900277017
MAR02747F,0.0002809808612440191
MAR01079,0.00027867595654862724
MAR03772F,0.00027619047619047615
MAR00005,0.0002761904761904761
MAR07607,0.0002753737662406394
MAR11220F,0.0002747368421052632
MAR04324,0.0002747265430783438
MAR04343,0.00027467902711323766
MAR11076B,0.0002742802519118309
MAR06846,0.00027396370829033367
MAR03827F,0.00027391350479585776
MAR06602B,0.00027388888888888884
MAR03048F,0.0002729411764705882
MAR01926,0.00027212241600938256
MAR12197,0.0002695494411180685
MAR11138F,0.00026851851851851847
MAR04650,0.0002677920073753407
MAR00341B,0.00026740947131572134
MAR04575F,0.00026740893786348334
MAR08066F,0.00026721661054994396
MAR00073,0.00026702594651312596
MAR03667,0.0002668327067669174
MAR03630,0.0002667748917748919
MAR11151F,0.0002665604680407313
MAR03804B,0.0002662573099415205
MAR00692B,0.00026608037154255646
MAR11017F,0.00026586331147734655
MAR02966F,0.00026478313353313354
MAR03838B,0.000263723544973545
MAR02786F,0.00026363636363636373
MAR03695,0.00026363636363636373
MAR08067F,0.00026295748411133026
MAR11017B,0.0002621440242763773
MAR01735,0.0002621286393345217
MAR06792F,0.000260381593714927
MAR08017,0.0002601106083459025
MAR07922,0.00025991994430908444
MAR02556B,0.0002598072882999354
MAR02747B,0.0002595980235042735
MAR09553,0.0002595924908424909
MAR05149,0.0002595924908424909
MAR07663,0.00025945301197402045
MAR01535,0.00025924922600619203
MAR03892,0.00025894042713239145
MAR00642,0.0002589285714285715
MAR05336F,0.0002588264299802761
MAR03043B,0.0002586977973007385
MAR12191,0.0002577777777777777
MAR11058F,0.0002577777777777777
MAR11054F,0.0002577777777777777
MAR08579,0.0002577777777777777
MAR07306,0.0002575871137409599
MAR02458,0.0002572687728937729
MAR11150B,0.00025693681318681317
MAR04597B,0.00025670603905898016
MAR05286,0.0002558823529411765
MAR03903,0.0002558823529411765
MAR11019B,0.0002557038199895343
MAR02182,0.0002554761904761905
MAR08589,0.0002549450549450548
MAR11092B,0.0002543859649122807
MAR08610,0.0002543859649122807
MAR01578B,0.0002543859649122807
MAR08685,0.00025438596491228065
MAR02948F,0.0002534965034965035
MAR01477,0.0002527233115468409
MAR07669,0.0002527233115468409
MAR04486,0.0002527233115468409
MAR11139F,0.00025086505190311415
MAR08115,0.00024990570789719396
MAR04109F,0.0002497607655502392
MAR04285,0.0002497607655502392
MAR09818,0.0002497607655502392
MAR12018,0.0002497607655502392
MAR02119,0.0002497607655502392
MAR04141B,0.00024786324786324785
MAR10992B,0.00024786324786324785
MAR09518F,0.00024786324786324785
MAR04582B,0.00024786324786324785
MAR04091,0.00024786324786324785
MAR11178F,0.00024786324786324785
MAR11126F,0.00024786324786324785
MAR11116F,0.00024786324786324785
MAR04315B,0.0002460407239819004
MAR11008B,0.0002460407239819004
MAR00634,0.00024604072398190036
MAR06725F,0.00024527580392629157
MAR03680,0.00024410774410774412
MAR11133B,0.00024410774410774412
MAR01634,0.00024399038461538457
MAR04412F,0.00024369747899159665
MAR11033F,0.00024369747899159665
MAR04344F,0.00024369747899159665
MAR03841B,0.00024369747899159665
MAR01832F,0.00024369747899159665
MAR08609,0.00024369747899159665
MAR00031,0.00024369747899159665
MAR11172B,0.00024369747899159665
MAR11122F,0.0002436974789915966
MAR11062B,0.0002436974789915966
MAR03708,0.0002436974789915966
MAR00830,0.0002436974789915966
MAR03542,0.0002436974789915966
MAR01839,0.0002436974789915966
MAR00032,0.00024331065759637194
MAR03787,0.0002425518925518925
MAR11067F,0.00024184891905480138
MAR04687F,0.0002416666666666667
MAR04418B,0.0002416666666666667
MAR11085F,0.0002416666666666667
MAR11166F,0.0002416666666666667
MAR03727,0.0002416666666666667
MAR03692,0.0002416666666666667
MAR07935,0.0002416666666666667
MAR11205F,0.0002416666666666667
MAR11120B,0.00024166666666666667
MAR11052B,0.00024166666666666667
MAR11200B,0.00024166666666666667
MAR00283B,0.00024166666666666667
MAR11014F,0.00024166666666666667
MAR06982,0.0002405731523378582
MAR03629,0.0002405731523378582
MAR00091,0.0002405731523378582
MAR03590,0.00024042735042735042
MAR05393,0.0002396694214876033
MAR00766,0.00023936507936507943
MAR10358,0.00023936507936507943
MAR10446,0.00023936507936507943
MAR04667,0.00023936507936507943
MAR11093F,0.00023936507936507943
MAR04246F,0.00023936507936507943
MAR02641F,0.0002393650793650794
MAR11033B,0.00023901098901098905
MAR10987B,0.00023901098901098905
MAR03679,0.00023901098901098905
MAR11112F,0.00023901098901098905
MAR08107,0.0002390109890109889
MAR07465,0.0002385467097005558
MAR09947,0.00023760504201680675
MAR07304,0.00023673469387755107
MAR08373F,0.00023673469387755107
MAR03721,0.00023594674556213013
MAR04194,0.00023575778388278392
MAR10995F,0.00023554908031323985
MAR08425F,0.00023550653594771242
MAR00222,0.00023538961038961043
MAR12037,0.00023527644230769232
MAR05287,0.00023487993487993484
MAR03802F,0.00023403159340659347
MAR05337B,0.0002330357142857143
MAR03384,0.00023280494015788134
MAR00213B,0.0002327986002093145
MAR02258,0.00023203983516483512
MAR08993F,0.00023115460927960928
MAR00727F,0.00023079277624732175
MAR06792B,0.00023004807692307685
MAR03694,0.00023004807692307685
MAR04330F,0.0002271073833573834
MAR03045F,0.00022388167388167393
MAR03042F,0.0002232852115205057
MAR04559,0.0002134707397865293
MAR12035,0.00020362990810359236
MAR09953B,0.000201388888888889
MAR08088B,0.00019528619528619528
MAR02961B,0.00018012422360248452
MAR04709F,0.00017298245614035093
MAR03592,0.0001659932659932661
MAR11103B,0.00016477272727272738
MAR04406,0.00015343915343915345
MAR00803,0.00015343915343915345
MAR11218F,0.00015305555555555553
MAR04485B,0.0001526315789473685
MAR11151B,0.0001526315789473685
MAR04688,0.00014960317460317464
MAR02954B,0.0001496031746031746
MAR03583,0.00014871794871794877
MAR03669,0.00014871794871794874
MAR06778,0.00014730158730158735
MAR11087B,0.00014499999999999997
MAR11138B,0.00014459833795013856
MAR10999B,0.00014459833795013856
MAR03664,0.00014459833795013856
MAR04718,0.00014459833795013856
MAR07428,0.00014459833795013856
MAR07426,0.00014459833795013856
MAR03829B,0.00014459833795013856
MAR00012,0.00014415204678362576
MAR04348,0.00014415204678362576
MAR00214,0.00014415204678362576
MAR06515,0.00014415204678362576
MAR07616,0.00014365325077399382
MAR04388B,0.00014320987654320989
MAR11154F,0.00014320987654320989
MAR03939F,0.00014320987654320989
MAR08106,0.0001409722222222222
MAR09931,0.0001409722222222222
MAR05136,0.0001409722222222222
MAR08611,0.0001387559808612441
MAR03584,0.0001387559808612441
MAR04452B,0.0001387559808612441
MAR11025B,0.00013875598086124402
MAR04742,0.00013832772166105504
MAR02253,0.00013832772166105502
MAR10069,0.00013784907902554964
MAR03729,0.00013784907902554964
MAR10995B,0.00013784907902554964
MAR11093B,0.0001373684210526316
MAR09482,0.0001373684210526316
MAR04222B,0.0001373684210526316
MAR04296,0.00013731060606060608
MAR02957F,0.00013731060606060608
MAR07908,0.00013567251461988301
MAR11161F,0.00013567251461988301
MAR03881,0.00013567251461988301
MAR07141,0.00013567251461988301
MAR12039,0.00013567251461988301
MAR05425,0.00013425925925925926
MAR11197B,0.00013425925925925926
MAR10993F,0.00013425925925925926
MAR03702,0.00013379469434832757
MAR07745B,0.00013379469434832757
MAR11084F,0.00013379469434832757
MAR00223,0.00013379469434832757
MAR04786,0.00013379469434832757
MAR11027B,0.00013379469434832757
MAR11221B,0.00013379469434832757
MAR04488,0.00013379469434832757
MAR02641B,0.00013379469434832757
MAR09530,0.00013379469434832757
MAR09532,0.00013379469434832757
MAR11069F,0.00013379469434832757
MAR01473,0.00013379469434832757
MAR09479,0.00013327205882352942
MAR00453F,0.00013327205882352942
MAR07920,0.00013327205882352942
MAR07404,0.00013327205882352942
MAR10997F,0.00013327205882352942
MAR08112,0.00013314967860422408
MAR11007B,0.00013314967860422408
MAR11222B,0.0001326797385620915
MAR03879,0.0001326797385620915
MAR10989F,0.0001320028011204482
MAR11053B,0.00013181818181818187
MAR05141,0.00013181818181818187
MAR03575,0.00013181818181818187
MAR11199B,0.0001312217194570136
MAR01920,0.0001312217194570136
MAR01371,0.0001312217194570136
MAR03668,0.0001312217194570136
MAR04260,0.0001312217194570135
MAR11118F,0.0001312217194570135
MAR04668,0.0001312217194570135
MAR03700,0.00013070913461538463
MAR11040F,0.0001307091346153846
MAR04171,0.0001307091346153846
MAR05268,0.0001307091346153846
MAR05265,0.0001307091346153846
MAR05134,0.0001307091346153846
MAR04799,0.0001307091346153846
MAR11143B,0.0001307091346153846
MAR04651F,0.0001307091346153846
MAR00688F,0.0001307091346153846
MAR04485F,0.00013031045751633988
MAR04287,0.00013031045751633988
MAR11128F,0.00013031045751633988
MAR11079B,0.00013031045751633988
MAR03484,0.00013031045751633988
MAR11051B,0.00013031045751633988
MAR11076F,0.00013031045751633988
MAR11032F,0.00013031045751633988
MAR08564,0.00013012820512820516
MAR11067B,0.00013012820512820516
MAR11215F,0.00013012820512820516
MAR04693B,0.00013012820512820516
MAR00727B,0.00013012820512820516
MAR04596B,0.00013012820512820516
MAR11124F,0.00013012820512820516
MAR04214,0.00013012820512820516
MAR05260,0.00013012820512820516
MAR07159,0.00013012820512820516
MAR04646,0.00013012820512820516
MAR11063F,0.00013012820512820516
MAR11100B,0.00013012820512820516
MAR11057F,0.00013012820512820516
MAR11126B,0.00013012820512820516
MAR00072,0.00012946428571428576
MAR07291,0.00012946428571428576
MAR11211B,0.00012946428571428576
MAR11038B,0.00012946428571428576
MAR05142,0.00012946428571428576
MAR07921,0.00012946428571428576
MAR08116,0.00012946428571428576
MAR08514,0.00012946428571428576
MAR10124,0.00012946428571428576
MAR11099F,0.00012946428571428576
MAR07322,0.00012946428571428576
MAR01785,0.00012946428571428576
MAR11086B,0.00012946428571428576
MAR11416,0.00012946428571428576
MAR03822,0.00012946428571428576
MAR12014F,0.00012946428571428576
MAR11010B,0.00012946428571428573
MAR04197,0.00012946428571428573
MAR11120F,0.00012946428571428573
MAR03703,0.00012946428571428573
MAR00342,0.00012946428571428573
MAR09941,0.00012946428571428573
MAR04792B,0.00012946428571428573
MAR04810,0.00012946428571428573
MAR11140B,0.00012946428571428573
MAR11143F,0.0001294642857142857
MAR06707,0.00012923351158645278
MAR11049F,0.00012923351158645278
MAR12188,0.00012888888888888894
MAR04627,0.00012888888888888894
MAR01844F,0.00012888888888888892
MAR06852,0.00012888888888888892
MAR11458,0.00012888888888888892
MAR04606,0.00012888888888888892
MAR07319,0.00012888888888888892
MAR08766B,0.00012888888888888892
MAR06627B,0.00012888888888888892
MAR10996B,0.00012888888888888892
MAR11014B,0.00012888888888888892
MAR03689,0.00012888888888888892
MAR03730,0.00012888888888888892
MAR07412,0.00012888888888888892
MAR03831,0.00012888888888888892
MAR00684,0.00012888888888888892
MAR03660,0.00012888888888888892
MAR03718,0.00012888888888888892
MAR11054B,0.00012869822485207094
MAR08692,0.00012869822485207094
MAR05285,0.00012869822485207094
MAR01834B,0.00012869822485207094
MAR11083B,0.00012869822485207094
MAR11175F,0.00012869822485207094
MAR10999F,0.00012869822485207094
MAR11222F,0.00012869822485207094
MAR07916,0.00012869822485207094
MAR04175,0.00012869822485207094
MAR03647,0.00012869822485207094
MAR03782F,0.00012869822485207094
MAR11039F,0.00012823129251700685
MAR02556F,0.00012823129251700685
MAR04832F,0.00012823129251700685
MAR11189F,0.00012823129251700685
MAR08584,0.00012823129251700685
MAR08571,0.00012823129251700685
MAR05132,0.00012823129251700685
MAR11107B,0.00012823129251700685
MAR10982B,0.00012823129251700685
MAR04246B,0.00012823129251700685
MAR00314,0.00012823129251700685
MAR01343F,0.00012823129251700685
MAR04109B,0.00012823129251700685
MAR00832,0.00012823129251700685
MAR04796,0.00012823129251700685
MAR07919,0.00012823129251700685
MAR06603B,0.00012823129251700685
MAR00083,0.00012823129251700685
MAR04652F,0.00012823129251700685
MAR03989,0.00012823129251700685
MAR11196B,0.00012823129251700685
MAR07321,0.00012794117647058826
MAR08113,0.00012780448717948718
MAR11052F,0.00012780448717948718
MAR08133,0.00012780448717948718
MAR03928,0.00012780448717948718
MAR04190B,0.00012780448717948718
MAR11024F,0.00012780448717948718
MAR11048B,0.00012780448717948718
MAR11003B,0.00012747252747252744
MAR08066B,0.00012747252747252744
MAR11036F,0.00012747252747252744
MAR07911,0.00012747252747252744
MAR05239,0.00012747252747252744
MAR11029F,0.00012747252747252744
MAR04347,0.00012747252747252744
MAR04152F,0.00012747252747252744
MAR07400,0.00012747252747252744
MAR03829F,0.00012747252747252744
MAR05419F,0.00012747252747252744
MAR00793,0.00012747252747252744
MAR11172F,0.0001274725274725274
MAR06980,0.0001274725274725274
MAR03859,0.0001274725274725274
MAR03838F,0.0001274725274725274
MAR11200F,0.0001274725274725274
MAR08142,0.00012674825174825176
MAR04683,0.00012674825174825173
MAR07170,0.00012674825174825173
MAR02500F,0.00012674825174825173
MAR04198,0.0001265873015873016
MAR04319,0.0001265873015873016
MAR03043F,0.0001265873015873016
MAR11030B,0.0001265873015873016
MAR08794,0.0001265873015873016
MAR08684B,0.0001265873015873016
MAR11197F,0.0001265873015873016
MAR02979B,0.0001265873015873016
MAR06709B,0.0001265873015873016
MAR07290,0.00012554112554112557
MAR05391,0.00012554112554112555
MAR04222F,0.00012548076923076925
MAR08666,0.00012548076923076925
MAR07925,0.0001221052631578947
MAR03849,0.00012083333333333333
MAR03798,0.00012083333333333333
MAR11043F,0.00011447368421052632
MAR11000F,0.00011447368421052632
MAR10131,0.00011447368421052632
MAR03539,0.00011372549019607839
MAR11009B,0.00011372549019607839
MAR11555,0.00011372549019607839
MAR11005B,0.00011372549019607838
MAR03740,0.00011153846153846152
MAR05274,0.0001115384615384615
MAR04605,0.0001115384615384615
MAR01830,0.0001115384615384615
MAR06974,0.0001115384615384615
MAR11026B,0.0001115384615384615
MAR00458,0.0001115384615384615
MAR11195B,0.0001115384615384615
MAR04582F,0.00011047619047619043
MAR08433,0.00011047619047619042
MAR09480,0.00010984848484848484
MAR06877B,0.00010984848484848484
MAR11072F,0.00010984848484848484
MAR03996F,0.00010984848484848484
MAR03835,0.00010984848484848484
MAR11213F,0.00010661764705882351
MAR04042,0.00010661764705882351
MAR02508B,0.00010661764705882351
MAR05266,0.00010661764705882351
MAR07429,0.00010661764705882351
MAR11102F,0.0001045673076923077
MAR11194F,0.0001045673076923077
MAR01085,0.0001045673076923077
MAR11193F,0.0001045673076923077
MAR02643F,0.00010456730769230769
MAR03895,0.00010456730769230769
MAR04388F,0.00010456730769230769
MAR08432,0.00010456730769230769
MAR04681,0.00010456730769230769
MAR08669,0.00010357142857142859
MAR00250,0.00010357142857142858
MAR00217B,0.00010357142857142858
MAR06770,0.00010357142857142858
MAR00084,0.00010357142857142858
MAR01380,0.00010357142857142858
MAR04723,0.00010357142857142858
MAR02487B,0.00010357142857142858
MAR02508F,0.00010357142857142856
MAR11121B,0.00010175438596491228
MAR11099B,0.00010175438596491228
MAR05337F,0.00010175438596491228
MAR05392,9.294871794871795e-05
MAR00685,9.294871794871795e-05
MAR04693F,9.294871794871794e-05
MAR10994F,9.294871794871794e-05
MAR05146,9.294871794871794e-05
MAR08766F,9.206349206349207e-05
MAR08238,9.206349206349207e-05
MAR03771F,9.206349206349207e-05
MAR08037,9.206349206349207e-05
MAR05280,9.206349206349207e-05
MAR11214F,9.206349206349207e-05
MAR11090F,9.206349206349206e-05
MAR04573,0.0
MAR04492,0.0
MAR04288,0.0
MAR04712,0.0
MAR08098,0.0
MAR03811,0.0
MAR04358,0.0
MAR03693,0.0
MAR08416,0.0
MAR03862,0.0
MAR03710,0.0
MAR04437,0.0
MAR06979,0.0
MAR03865,0.0
MAR04360,0.0
MAR09486,0.0
MAR08652,0.0
MAR04422,0.0
MAR09802,0.0
MAR04489,0.0
MAR04394,0.0
MAR03816,0.0
MAR04470,0.0
MAR03717,0.0
MAR03901,0.0
MAR03833,0.0
MAR03701,0.0
MAR03719,0.0
MAR03837,0.0
MAR04607,0.0
MAR03883,0.0
MAR07747,0.0
MAR06410,0.0
MAR04210,0.0
MAR03974,0.0
MAR08628,0.0
MAR03696,0.0
MAR04648,0.0
MAR03697,0.0
MAR04172,0.0
MAR04521,0.0
MAR04487,0.0
MAR03707,0.0
MAR04196,0.0
MAR03843,0.0
MAR08626,0.0
MAR04472,0.0
MAR03706,0.0
MAR04808,0.0
MAR04467,0.0
MAR04471,0.0
MAR04690,0.0
MAR04493,0.0
MAR08587,0.0
MAR03685,0.0
MAR03573,0.0
MAR03579,0.0
MAR03578,0.0
MAR03577,0.0
MAR05267,0.0
MAR03576,0.0
MAR03574,0.0
MAR05269,0.0
MAR03581,0.0
MAR05270,0.0
MAR05271,0.0
MAR05272,0.0
MAR05273,0.0
MAR05275,0.0
MAR05276,0.0
MAR05264,0.0
MAR05262,0.0
MAR07287,0.0
MAR07309,0.0
MAR07301,0.0
MAR03589,0.0
MAR08578,0.0
MAR07302,0.0
MAR07303,0.0
MAR07308,0.0
MAR07674,0.0
MAR05261,0.0
MAR07314,0.0
MAR07315,0.0
MAR07317,0.0
MAR07621,0.0
MAR05258,0.0
MAR05259,0.0
MAR05277,0.0
MAR05278,0.0
MAR05279,0.0
MAR00679,0.0
MAR03556,0.0
MAR08583,0.0
MAR03551,0.0
MAR00709,0.0
MAR03545,0.0
MAR08592,0.0
MAR00680,0.0
MAR05281,0.0
MAR00682,0.0
MAR00683,0.0
MAR07165,0.0
MAR01927,0.0
MAR07950,0.0
MAR06793,0.0
MAR03866,0.0
MAR03861,0.0
MAR03558,0.0
MAR03851,0.0
MAR03560,0.0
MAR05291,0.0
MAR05290,0.0
MAR05289,0.0
MAR03565,0.0
MAR08591,0.0
MAR05288,0.0
MAR04130,0.0
MAR08581,0.0
MAR05284,0.0
MAR03735,0.0
MAR03568,0.0
MAR05282,0.0
MAR07292,0.0
MAR03591,0.0
MAR04481,0.0
MAR07628,0.0
MAR04193,0.0
MAR03662,0.0
MAR06787,0.0
MAR05400,0.0
MAR06790,0.0
MAR06874,0.0
MAR03659,0.0
MAR06728,0.0
MAR03656,0.0
MAR04143,0.0
MAR08795,0.0
MAR08796,0.0
MAR04323,0.0
MAR03651,0.0
MAR06729,0.0
MAR04837,0.0
MAR07286,0.0
MAR03675,0.0
MAR03682,0.0
MAR03678,0.0
MAR04685,0.0
MAR03676,0.0
MAR08537,0.0
MAR08541,0.0
MAR08544,0.0
MAR03665,0.0
MAR03747,0.0
MAR03744,0.0
MAR03672,0.0
MAR04421,0.0
MAR04244,0.0
MAR03666,0.0
MAR04089,0.0
MAR03889,0.0
MAR08568,0.0
MAR03631,0.0
MAR05137,0.0
MAR05138,0.0
MAR05140,0.0
MAR03633,0.0
MAR05145,0.0
MAR03632,0.0
MAR05148,0.0
MAR08569,0.0
MAR03627,0.0
MAR03626,0.0
MAR08576,0.0
MAR08577,0.0
MAR05150,0.0
MAR03593,0.0
MAR08575,0.0
MAR05135,0.0
MAR05130,0.0
MAR07647,0.0
MAR08573,0.0
MAR03639,0.0
MAR07993,0.0
MAR03642,0.0
MAR03644,0.0
MAR04079,0.0
MAR03645,0.0
MAR04708,0.0
MAR04329,0.0
MAR04328,0.0
MAR04326,0.0
MAR08570,0.0
MAR04176,0.0
MAR05283,0.0
MAR10034B,0.0
MAR03736,0.0
MAR00249B,0.0
MAR03792B,0.0
MAR08373B,0.0
MAR04147B,0.0
MAR04652B,0.0
MAR08743B,0.0
MAR00237B,0.0
MAR00313B,0.0
MAR10997B,0.0
MAR00331B,0.0
MAR02944B,0.0
MAR02949B,0.0
MAR02957B,0.0
MAR02976B,0.0
MAR02977B,0.0
MAR04330B,0.0
MAR08682B,0.0
MAR08067B,0.0
MAR05419B,0.0
MAR03996B,0.0
MAR03995B,0.0
MAR06738B,0.0
MAR06722B,0.0
MAR03743B,0.0
MAR04658B,0.0
MAR03939B,0.0
MAR03847B,0.0
MAR03782B,0.0
MAR03772B,0.0
MAR03771B,0.0
MAR08425B,0.0
MAR03809B,0.0
MAR02991B,0.0
MAR08547B,0.0
MAR08552B,0.0
MAR02639B,0.0
MAR10991B,0.0
MAR10990B,0.0
MAR10989B,0.0
MAR10988B,0.0
MAR10986B,0.0
MAR10984B,0.0
MAR10459B,0.0
MAR04807B,0.0
MAR04783B,0.0
MAR03045B,0.0
MAR03042B,0.0
MAR02779B,0.0
MAR02765B,0.0
MAR02643B,0.0
MAR02506B,0.0
MAR01341B,0.0
MAR02504B,0.0
MAR02502B,0.0
MAR02488B,0.0
MAR00725B,0.0
MAR00688B,0.0
MAR09505B,0.0
MAR06405B,0.0
MAR04717B,0.0
MAR01845B,0.0
MAR01844B,0.0
MAR01832B,0.0
MAR01347B,0.0
MAR01343B,0.0
MAR01342B,0.0
MAR03807B,0.0
MAR03806B,0.0
MAR03899B,0.0
MAR11169F,0.0
MAR11195F,0.0
MAR11191F,0.0
MAR11190F,0.0
MAR11187F,0.0
MAR11185F,0.0
MAR11183F,0.0
MAR11182F,0.0
MAR11181F,0.0
MAR11180F,0.0
MAR11179F,0.0
MAR11176F,0.0
MAR11174F,0.0
MAR11173F,0.0
MAR11170F,0.0
MAR11168F,0.0
MAR11198F,0.0
MAR11167F,0.0
MAR11165F,0.0
MAR11164F,0.0
MAR11163F,0.0
MAR11162F,0.0
MAR11160F,0.0
MAR11159F,0.0
MAR11158F,0.0
MAR11157F,0.0
MAR11155F,0.0
MAR11153F,0.0
MAR11152F,0.0
MAR11150F,0.0
MAR11149F,0.0
MAR11196F,0.0
MAR11199F,0.0
MAR04345B,0.0
MAR12742F,0.0
MAR04050B,0.0
MAR03793B,0.0
MAR04574B,0.0
MAR04841B,0.0
MAR04350B,0.0
MAR04280B,0.0
MAR08512B,0.0
MAR04316B,0.0
MAR04832B,0.0
MAR04281B,0.0
MAR10034F,0.0
MAR10033F,0.0
MAR13004F,0.0
MAR12751F,0.0
MAR11509F,0.0
MAR11201F,0.0
MAR11502F,0.0
MAR11413F,0.0
MAR11221F,0.0
MAR11219F,0.0
MAR11216F,0.0
MAR11212F,0.0
MAR11211F,0.0
MAR11210F,0.0
MAR11209F,0.0
MAR11208F,0.0
MAR11206F,0.0
MAR11204F,0.0
MAR11203F,0.0
MAR11202F,0.0
MAR10993B,0.0
MAR10998B,0.0
MAR11145F,0.0
MAR11165B,0.0
MAR11159B,0.0
MAR11160B,0.0
MAR11161B,0.0
MAR11162B,0.0
MAR11163B,0.0
MAR11164B,0.0
MAR11166B,0.0
MAR11000B,0.0
MAR11167B,0.0
MAR11168B,0.0
MAR11169B,0.0
MAR11174B,0.0
MAR11176B,0.0
MAR11177B,0.0
MAR11158B,0.0
MAR11157B,0.0
MAR11155B,0.0
MAR11154B,0.0
MAR11153B,0.0
MAR11152B,0.0
MAR11149B,0.0
MAR11148B,0.0
MAR11147B,0.0
MAR11145B,0.0
MAR11144B,0.0
MAR11142B,0.0
MAR11141B,0.0
MAR11139B,0.0
MAR11135B,0.0
MAR11134B,0.0
MAR11130B,0.0
MAR11179B,0.0
MAR11181B,0.0
MAR11182B,0.0
MAR11213B,0.0
MAR13004B,0.0
MAR12751B,0.0
MAR12742B,0.0
MAR11509B,0.0
MAR11502B,0.0
MAR11467B,0.0
MAR11413B,0.0
MAR11220B,0.0
MAR11219B,0.0
MAR11218B,0.0
MAR11217B,0.0
MAR11216B,0.0
MAR11215B,0.0
MAR11214B,0.0
MAR11212B,0.0
MAR11183B,0.0
MAR11210B,0.0
MAR11209B,0.0
MAR11208B,0.0
MAR11207B,0.0
MAR11206B,0.0
MAR11204B,0.0
MAR11201B,0.0
MAR11198B,0.0
MAR11193B,0.0
MAR11191B,0.0
MAR11190B,0.0
MAR11189B,0.0
MAR11187B,0.0
MAR11186B,0.0
MAR11129B,0.0
MAR11128B,0.0
MAR11127B,0.0
MAR11036B,0.0
MAR11059B,0.0
MAR11058B,0.0
MAR11057B,0.0
MAR11055B,0.0
MAR11050B,0.0
MAR11049B,0.0
MAR11047B,0.0
MAR11046B,0.0
MAR11045B,0.0
MAR11044B,0.0
MAR11043B,0.0
MAR11041B,0.0
MAR11040B,0.0
MAR11039B,0.0
MAR11034B,0.0
MAR11061B,0.0
MAR11032B,0.0
MAR11024B,0.0
MAR11023B,0.0
MAR11022B,0.0
MAR11021B,0.0
MAR11018B,0.0
MAR11016B,0.0
MAR11015B,0.0
MAR11013B,0.0
MAR11012B,0.0
MAR11006B,0.0
MAR11004B,0.0
MAR11002B,0.0
MAR11001B,0.0
MAR11060B,0.0
MAR11063B,0.0
MAR11125B,0.0
MAR11097B,0.0
MAR11123B,0.0
MAR11122B,0.0
MAR11119B,0.0
MAR11118B,0.0
MAR11117B,0.0
MAR11116B,0.0
MAR11115B,0.0
MAR11114B,0.0
MAR11112B,0.0
MAR11108B,0.0
MAR11106B,0.0
MAR11104B,0.0
MAR11101B,0.0
MAR11098B,0.0
MAR11096B,0.0
MAR11064B,0.0
MAR11095B,0.0
MAR11094B,0.0
MAR11091B,0.0
MAR11090B,0.0
MAR11089B,0.0
MAR11088B,0.0
MAR11084B,0.0
MAR11081B,0.0
MAR11080B,0.0
MAR11077B,0.0
MAR11073B,0.0
MAR11071B,0.0
MAR11070B,0.0
MAR11069B,0.0
MAR11148F,0.0
MAR11142F,0.0
MAR03737,0.0
MAR10458,0.0
MAR05427,0.0
MAR06919,0.0
MAR10357,0.0
MAR10403,0.0
MAR10412,0.0
MAR10416,0.0
MAR11295,0.0
MAR03912F,0.0
MAR11399,0.0
MAR11430,0.0
MAR11562,0.0
MAR12015,0.0
MAR12111,0.0
MAR12187,0.0
MAR05341,0.0
MAR04413,0.0
MAR03781,0.0
MAR03598,0.0
MAR02329,0.0
MAR02306,0.0
MAR02023,0.0
MAR01812,0.0
MAR01571,0.0
MAR01560,0.0
MAR01498,0.0
MAR01497,0.0
MAR01471,0.0
MAR00085,0.0
MAR00021,0.0
MAR05247,0.0
MAR05243,0.0
MAR12192,0.0
MAR13078,0.0
MAR10063,0.0
MAR03804F,0.0
MAR03743F,0.0
MAR04686F,0.0
MAR04597F,0.0
MAR04596F,0.0
MAR04658F,0.0
MAR04792F,0.0
MAR03847F,0.0
MAR03845F,0.0
MAR03841F,0.0
MAR03750F,0.0
MAR04190F,0.0
MAR03807F,0.0
MAR03806F,0.0
MAR06970F,0.0
MAR06627F,0.0
MAR10064,0.0
MAR03793F,0.0
MAR10033B,0.0
MAR04574F,0.0
MAR04452F,0.0
MAR04841F,0.0
MAR04461F,0.0
MAR04280F,0.0
MAR08512F,0.0
MAR04316F,0.0
MAR04315F,0.0
MAR07745F,0.0
MAR04281F,0.0
MAR10114,0.0
MAR10108,0.0
MAR00691,0.0
MAR00689,0.0
MAR00687,0.0
MAR07567,0.0
MAR09726,0.0
MAR03923,0.0
MAR04662,0.0
MAR03908,0.0
MAR01840,0.0
MAR01786,0.0
MAR01762,0.0
MAR01722,0.0
MAR01670,0.0
MAR01581,0.0
MAR07416,0.0
MAR07408,0.0
MAR07384,0.0
MAR07380,0.0
MAR07508,0.0
MAR07910,0.0
MAR07606,0.0
MAR08405,0.0
MAR00914,0.0
MAR00787,0.0
MAR00819,0.0
MAR09805,0.0
MAR00647,0.0
MAR00623,0.0
MAR00622,0.0
MAR00450,0.0
MAR00448,0.0
MAR00762,0.0
MAR00738,0.0
MAR03738,0.0
MAR07909,0.0
MAR07912,0.0
MAR00686,0.0
MAR09465,0.0
MAR00014,0.0
MAR00013,0.0
MAR00010,0.0
MAR09572,0.0
MAR09571,0.0
MAR09561,0.0
MAR09555,0.0
MAR09536,0.0
MAR09499,0.0
MAR09483,0.0
MAR09481,0.0
MAR09478,0.0
MAR09475,0.0
MAR09473,0.0
MAR08038,0.0
MAR08105,0.0
MAR08746,0.0
MAR04564,0.0
MAR07661,0.0
MAR08141,0.0
MAR08140,0.0
MAR08138,0.0
MAR08137,0.0
MAR08136,0.0
MAR08135,0.0
MAR08132,0.0
MAR08130,0.0
MAR08129,0.0
MAR08117,0.0
MAR08114,0.0
MAR06877F,0.0
MAR03995F,0.0
MAR11141F,0.0
MAR11066F,0.0
MAR11056F,0.0
MAR11059F,0.0
MAR11060F,0.0
MAR11062F,0.0
MAR11064F,0.0
MAR11065F,0.0
MAR11068F,0.0
MAR08684F,0.0
MAR11071F,0.0
MAR11073F,0.0
MAR11074F,0.0
MAR11077F,0.0
MAR11080F,0.0
MAR11081F,0.0
MAR11055F,0.0
MAR11053F,0.0
MAR11051F,0.0
MAR11048F,0.0
MAR11047F,0.0
MAR11046F,0.0
MAR11044F,0.0
MAR11041F,0.0
MAR11037F,0.0
MAR11035F,0.0
MAR11034F,0.0
MAR11031F,0.0
MAR11030F,0.0
MAR11028F,0.0
MAR11027F,0.0
MAR11026F,0.0
MAR11025F,0.0
MAR11083F,0.0
MAR11086F,0.0
MAR11087F,0.0
MAR11111F,0.0
MAR11136F,0.0
MAR11135F,0.0
MAR11133F,0.0
MAR11132F,0.0
MAR11131F,0.0
MAR11130F,0.0
MAR11129F,0.0
MAR11127F,0.0
MAR11125F,0.0
MAR11121F,0.0
MAR11119F,0.0
MAR11117F,0.0
MAR11115F,0.0
MAR11114F,0.0
MAR11110F,0.0
MAR11089F,0.0
MAR11109F,0.0
MAR11108F,0.0
MAR11107F,0.0
MAR11106F,0.0
MAR11104F,0.0
MAR11103F,0.0
MAR11101F,0.0
MAR11098F,0.0
MAR11097F,0.0
MAR11096F,0.0
MAR11095F,0.0
MAR11094F,0.0
MAR11092F,0.0
MAR11091F,0.0
MAR11023F,0.0
MAR11022F,0.0
MAR11021F,0.0
MAR02976F,0.0
MAR09505F,0.0
MAR06405F,0.0
MAR04717F,0.0
MAR04254F,0.0
MAR01845F,0.0
MAR01833F,0.0
MAR01342F,0.0
MAR01341F,0.0
MAR08552F,0.0
MAR08549F,0.0
MAR08548F,0.0
MAR08547F,0.0
MAR02979F,0.0
MAR02977F,0.0
MAR02973F,0.0
MAR01578F,0.0
MAR02961F,0.0
MAR02954F,0.0
MAR02949F,0.0
MAR00331F,0.0
MAR00327F,0.0
MAR00313F,0.0
MAR00283F,0.0
MAR00249F,0.0
MAR00237F,0.0
MAR00217F,0.0
MAR00213F,0.0
MAR00180F,0.0
MAR04147F,0.0
MAR03792F,0.0
MAR00692F,0.0
MAR02488F,0.0
MAR11019F,0.0
MAR10996F,0.0
MAR11018F,0.0
MAR11015F,0.0
MAR11013F,0.0
MAR11011F,0.0
MAR11010F,0.0
MAR11009F,0.0
MAR11008F,0.0
MAR11007F,0.0
MAR11006F,0.0
MAR11004F,0.0
MAR11003F,0.0
MAR11002F,0.0
MAR11001F,0.0
MAR10998F,0.0
MAR10992F,0.0
MAR02502F,0.0
MAR10986F,0.0
MAR10984F,0.0
MAR10983F,0.0
MAR10982F,0.0
MAR10459F,0.0
MAR09953F,0.0
MAR09952F,0.0
MAR09940F,0.0
MAR04807F,0.0
MAR04783F,0.0
MAR03419F,0.0
MAR02779F,0.0
MAR02765F,0.0
MAR02506F,0.0
MAR04137,0.0
